-- Insert statments for Customers table (30)
insert into Customers (ic, name, phoneNo, email) values ('061021302256', 'Sig', '0193279443', 'smarkie0@bravesites.com');
insert into Customers (ic, name, phoneNo, email) values ('631112383285', 'Cobby', '0183051699', 'ctavernor1@marriott.com');
insert into Customers (ic, name, phoneNo, email) values ('750918448138', 'Hester', '0159084870', 'hbyrde2@ca.gov');
insert into Customers (ic, name, phoneNo, email) values ('911010329679', 'Kerrin', '0195370699', 'kspillard3@drupal.org');
insert into Customers (ic, name, phoneNo, email) values ('971214877941', 'Haleigh', '0160163758', 'handryunin4@salon.com');
insert into Customers (ic, name, phoneNo, email) values ('040912360545', 'Kerri', '0184983038', 'kwey5@multiply.com');
insert into Customers (ic, name, phoneNo, email) values ('460916995096', 'Mellisa', '0193716212', 'mwyse6@hugedomains.com');
insert into Customers (ic, name, phoneNo, email) values ('570814872884', 'Brucie', '0156341833', 'blancley7@stumbleupon.com');
insert into Customers (ic, name, phoneNo, email) values ('820704730921', 'Lulita', '0197017364', 'lpulfer8@godaddy.com');
insert into Customers (ic, name, phoneNo, email) values ('601213012035', 'Gael', '0121144352', 'gcayton9@cam.ac.uk');
insert into Customers (ic, name, phoneNo, email) values ('981116755967', 'Bent', '0104587666', 'blecontea@princeton.edu');
insert into Customers (ic, name, phoneNo, email) values ('480413989042', 'Nanine', '0115397314', 'nkorneichikb@sciencedirect.com');
insert into Customers (ic, name, phoneNo, email) values ('830115893248', 'Janice', '0168886098', 'jgamellc@army.mil');
insert into Customers (ic, name, phoneNo, email) values ('220212579009', 'Armando', '0116756621', 'anuschked@123-reg.co.uk');
insert into Customers (ic, name, phoneNo, email) values ('220200517535', 'Harcourt', '0155445369', 'hkimbline@google.ru');
insert into Customers (ic, name, phoneNo, email) values ('330215007646', 'Newton', '0164342762', 'nlangthornef@squidoo.com');
insert into Customers (ic, name, phoneNo, email) values ('481216849263', 'Ronnie', '0159579826', 'rbeamesg@ucoz.com');
insert into Customers (ic, name, phoneNo, email) values ('601111127298', 'Barby', '0198343227', 'bzamorah@narod.ru');
insert into Customers (ic, name, phoneNo, email) values ('070712669290', 'Fredericka', '0190576936', 'fpiotrkowskii@webnode.com');
insert into Customers (ic, name, phoneNo, email) values ('471216038445', 'Ernesto', '0118380532', 'emayberyj@msn.com');
insert into Customers (ic, name, phoneNo, email) values ('120914085528', 'Hamish', '0183569992', 'hjoutapaviciusk@wikispaces.com');
insert into Customers (ic, name, phoneNo, email) values ('081214368775', 'Emlynn', '0135968095', 'erosebladel@hexun.com');
insert into Customers (ic, name, phoneNo, email) values ('590712198463', 'Andrej', '0140436414', 'avasilyevm@ocn.ne.jp');
insert into Customers (ic, name, phoneNo, email) values ('080628074457', 'Rona', '0113501499', 'ralberyn@ted.com');
insert into Customers (ic, name, phoneNo, email) values ('120517029943', 'Augustus', '0159084020', 'aanderseno@nytimes.com');
insert into Customers (ic, name, phoneNo, email) values ('470414977587', 'Estelle', '0189004482', 'estearndalep@reverbnation.com');
insert into Customers (ic, name, phoneNo, email) values ('020319507545', 'Sidney', '0171807115', 'smyattq@cafepress.com');
insert into Customers (ic, name, phoneNo, email) values ('150219544892', 'Jobi', '0166936769', 'jstruthersr@unicef.org');
insert into Customers (ic, name, phoneNo, email) values ('680120646758', 'Sarina', '0153394060', 'sprices@cbc.ca');
insert into Customers (ic, name, phoneNo, email) values ('120919022119', 'Windham', '0196379047', 'wpitthamt@tinyurl.com');

-- Insert statements for Pets table (50)
insert into Pets (id, name, age, gender, breed, color, type, description, ownerIc) values (1, 'Adelheid', 14, 'F', 'Crane', 'Khaki', 'Bird', 'morbi vestibulum velit id pretium iaculis diam erat fermentum justo nec condimentum neque', '971214877941');
insert into Pets (id, name, age, gender, breed, color, type, description, ownerIc) values (2, 'Hedwiga', 17, 'F', 'Malabar', 'Pink', 'Squirrel', 'sem mauris laoreet ut rhoncus aliquet pulvinar sed nisl nunc rhoncus dui vel', '061021302256');
insert into Pets (id, name, age, gender, breed, color, type, description, ownerIc) values (3, 'Leontyne', 6, 'F', 'Boa', 'Crimson', 'Snake', 'in faucibus orci luctus et ultrices posuere cubilia curae nulla dapibus', '911010329679');
insert into Pets (id, name, age, gender, breed, color, type, description, ownerIc) values (4, 'Randolf', 14, 'M', 'Bulldog', 'Turquoise', 'Dog', 'porta volutpat erat quisque erat eros viverra eget congue eget semper rutrum nulla', '631112383285');
insert into Pets (id, name, age, gender, breed, color, type, description, ownerIc) values (5, 'Sibyl', 10, 'M', 'Common', 'Green', 'Eland', 'vulputate elementum nullam varius nulla facilisi cras non velit nec nisi vulputate nonummy maecenas', '631112383285');
insert into Pets (id, name, age, gender, breed, color, type, description, ownerIc) values (6, 'Jodi', 7, 'M', 'Collared', 'Teal', 'Lizard', 'in quam fringilla rhoncus mauris enim leo rhoncus sed vestibulum sit amet cursus id turpis', '750918448138');
insert into Pets (id, name, age, gender, breed, color, type, description, ownerIc) values (7, 'Kendall', 12, 'M', 'Pied Butcher', 'Pink', 'Bird', 'convallis nulla neque libero convallis eget eleifend luctus ultricies eu nibh', '750918448138');
insert into Pets (id, name, age, gender, breed, color, type, description, ownerIc) values (8, 'Bobbie', 2, 'F', 'Brown', 'Khaki', 'Hyena', 'pretium nisl ut volutpat sapien arcu sed augue aliquam erat volutpat in congue etiam', '040912360545');
insert into Pets (id, name, age, gender, breed, color, type, description, ownerIc) values (9, 'Tyler', 19, 'M', 'long-crested', 'Aquamarine', 'Eagle', 'semper interdum mauris ullamcorper purus sit amet nulla quisque arcu libero rutrum', '040912360545');
insert into Pets (id, name, age, gender, breed, color, type, description, ownerIc) values (10, 'Heddi', 16, 'F', 'Pied kingfisher', 'Orange', 'Bird', 'lectus suspendisse potenti in eleifend quam a odio in hac habitasse platea dictumst maecenas', '460916995096');
insert into Pets (id, name, age, gender, breed, color, type, description, ownerIc) values (11, 'Robby', 4, 'F', 'Maned', 'Red', 'Sloth', 'dictumst morbi vestibulum velit id pretium iaculis diam erat fermentum justo nec condimentum', '460916995096');
insert into Pets (id, name, age, gender, breed, color, type, description, ownerIc) values (12, 'Lyle', 15, 'M', 'Kori bustard', 'Fuscia', 'Bird', 'dui proin leo odio porttitor id consequat in consequat ut nulla sed accumsan', '570814872884');
insert into Pets (id, name, age, gender, breed, color, type, description, ownerIc) values (13, 'Godart', 19, 'M', 'Yellow-necked spurfowl', 'Blue', 'Bird', 'sed nisl nunc rhoncus dui vel sem sed sagittis nam congue risus semper', '820704730921');
insert into Pets (id, name, age, gender, breed, color, type, description, ownerIc) values (14, 'Taber', 4, 'M', 'southern sea', 'Turquoise', 'Lion', 'pretium nisl ut volutpat sapien arcu sed augue aliquam erat volutpat in congue etiam justo', '601213012035');
insert into Pets (id, name, age, gender, breed, color, type, description, ownerIc) values (15, 'Loise', 17, 'F', 'brazilian', 'Yellow', 'Tapir', 'fermentum justo nec condimentum neque sapien placerat ante nulla justo aliquam quis turpis', '981116755967');
insert into Pets (id, name, age, gender, breed, color, type, description, ownerIc) values (16, 'Isiahi', 12, 'M', 'frilled', 'Green', 'Lizard', 'fusce posuere felis sed lacus morbi sem mauris laoreet ut rhoncus aliquet pulvinar sed nisl', '830115893248');
insert into Pets (id, name, age, gender, breed, color, type, description, ownerIc) values (17, 'Max', 18, 'F', 'peregrine', 'Aquamarine', 'Falcon', 'sodales scelerisque mauris sit amet eros suspendisse accumsan tortor quis turpis', '480413989042');
insert into Pets (id, name, age, gender, breed, color, type, description, ownerIc) values (18, 'Gerhard', 20, 'M', 'peregrine', 'Red', 'Primate', 'erat quisque erat eros viverra eget congue eget semper rutrum nulla nunc purus phasellus in', '830115893248');
insert into Pets (id, name, age, gender, breed, color, type, description, ownerIc) values (19, 'Esteban', 17, 'M', 'savanna', 'Fuscia', 'Fox', 'integer pede justo lacinia eget tincidunt eget tempus vel pede morbi porttitor lorem', '220212579009');
insert into Pets (id, name, age, gender, breed, color, type, description, ownerIc) values (20, 'Shaine', 10, 'M', 'Skink', 'Yellow', 'Lizard', 'pellentesque viverra pede ac diam cras pellentesque volutpat dui maecenas tristique est', '220200517535');
insert into Pets (id, name, age, gender, breed, color, type, description, ownerIc) values (21, 'Gisele', 20, 'F', 'Andean', 'Turquoise', 'goose', 'enim leo rhoncus sed vestibulum sit amet cursus id turpis integer aliquet massa id lobortis', '330215007646');
insert into Pets (id, name, age, gender, breed, color, type, description, ownerIc) values (22, 'Daryle', 5, 'M', 'Land', 'Green', 'Iguana', 'odio donec vitae nisi nam ultrices libero non mattis pulvinar nulla pede ullamcorper', '481216849263');
insert into Pets (id, name, age, gender, breed, color, type, description, ownerIc) values (23, 'Hinda', 15, 'F', 'white-necked', 'Crimson', 'Stork', 'blandit non interdum in ante vestibulum ante ipsum primis in faucibus', '601111127298');
insert into Pets (id, name, age, gender, breed, color, type, description, ownerIc) values (24, 'Fionna', 9, 'F', 'Arctic ground', 'Aquamarine', 'Squirrel', 'at lorem integer tincidunt ante vel ipsum praesent blandit lacinia erat vestibulum sed', '220200517535');
insert into Pets (id, name, age, gender, breed, color, type, description, ownerIc) values (25, 'Atlanta', 7, 'F', 'Cape raven', 'Blue', 'Bird', 'congue diam id ornare imperdiet sapien urna pretium nisl ut', '481216849263');
insert into Pets (id, name, age, gender, breed, color, type, description, ownerIc) values (26, 'Desmond', 12, 'M', 'Goldfish', 'Goldenrod', 'Fish', 'orci luctus et ultrices posuere cubilia curae donec pharetra magna vestibulum aliquet ultrices', '220200517535');
insert into Pets (id, name, age, gender, breed, color, type, description, ownerIc) values (27, 'Ferdinand', 4, 'M', 'Chacma', 'Fuscia', 'Baboon', 'sapien urna pretium nisl ut volutpat sapien arcu sed augue aliquam erat volutpat', '220200517535');
insert into Pets (id, name, age, gender, breed, color, type, description, ownerIc) values (28, 'Brittne', 3, 'F', 'Canadian river', 'Goldenrod', 'Otter', 'quam pede lobortis ligula sit amet eleifend pede libero quis orci nullam molestie nibh', '330215007646');
insert into Pets (id, name, age, gender, breed, color, type, description, ownerIc) values (29, 'Dorelle', 1, 'F', 'Civet', 'Mauv', 'Cat', 'a odio in hac habitasse platea dictumst maecenas ut massa quis augue luctus', '330215007646');
insert into Pets (id, name, age, gender, breed, color, type, description, ownerIc) values (30, 'Elfrieda', 19, 'F', 'Blacksmith plover', 'Green', 'Bird', 'cursus id turpis integer aliquet massa id lobortis convallis tortor risus dapibus augue vel', '481216849263');
insert into Pets (id, name, age, gender, breed, color, type, description, ownerIc) values (31, 'El', 14, 'M', 'Dusky rattlesnake', 'Crimson', 'Snake', 'metus arcu adipiscing molestie hendrerit at vulputate vitae nisl aenean lectus pellentesque eget', '070712669290');
insert into Pets (id, name, age, gender, breed, color, type, description, ownerIc) values (32, 'Derrek', 3, 'M', 'Blue-tongued skink', 'Indigo', 'Lizard', 'vitae nisi nam ultrices libero non mattis pulvinar nulla pede', '471216038445');
insert into Pets (id, name, age, gender, breed, color, type, description, ownerIc) values (33, 'Averill', 4, 'M', 'Phalarope, red-necked', 'Blue', 'Bird', 'et eros vestibulum ac est lacinia nisi venenatis tristique fusce congue', '120914085528');
insert into Pets (id, name, age, gender, breed, color, type, description, ownerIc) values (34, 'Verne', 20, 'M', 'Lesser masked weaver', 'Blue', 'Bird', 'mi nulla ac enim in tempor turpis nec euismod scelerisque quam turpis adipiscing', '081214368775');
insert into Pets (id, name, age, gender, breed, color, type, description, ownerIc) values (35, 'Yard', 13, 'M', 'Little cormorant', 'Purple', 'Bird', 'libero convallis eget eleifend luctus ultricies eu nibh quisque id justo sit amet sapien', '590712198463');
insert into Pets (id, name, age, gender, breed, color, type, description, ownerIc) values (36, 'Consuelo', 15, 'F', 'Emerald-spotted wood dove', 'Teal', 'Bird', 'est lacinia nisi venenatis tristique fusce congue diam id ornare imperdiet sapien urna pretium', '080628074457');
insert into Pets (id, name, age, gender, breed, color, type, description, ownerIc) values (37, 'Harry', 5, 'M', 'Campo flicker', 'Yellow', 'Bird', 'sapien dignissim vestibulum vestibulum ante ipsum primis in faucibus orci luctus et ultrices', '120517029943');
insert into Pets (id, name, age, gender, breed, color, type, description, ownerIc) values (38, 'Bern', 10, 'M', 'Snake-necked', 'Orange', 'Turtle', 'sit amet turpis elementum ligula vehicula consequat morbi a ipsum integer a nibh in', '120517029943');
insert into Pets (id, name, age, gender, breed, color, type, description, ownerIc) values (39, 'Elvyn', 13, 'M', 'Common grenadier', 'Pink', 'Bird', 'ac enim in tempor turpis nec euismod scelerisque quam turpis adipiscing lorem', '470414977587');
insert into Pets (id, name, age, gender, breed, color, type, description, ownerIc) values (40, 'Gwenny', 2, 'F', 'Desert spiny', 'Mauv', 'Lizard', 'massa id lobortis convallis tortor risus dapibus augue vel accumsan tellus nisi eu orci', '470414977587');
insert into Pets (id, name, age, gender, breed, color, type, description, ownerIc) values (41, 'Sheppard', 13, 'M', 'Flamingo', 'Pink', 'Bird', 'viverra pede ac diam cras pellentesque volutpat dui maecenas tristique est et tempus semper est', '020319507545');
insert into Pets (id, name, age, gender, breed, color, type, description, ownerIc) values (42, 'Ignaz', 13, 'M', 'Stork', 'Teal', 'Bird', 'blandit non interdum in ante vestibulum ante ipsum primis in faucibus orci luctus et ultrices', '020319507545');
insert into Pets (id, name, age, gender, breed, color, type, description, ownerIc) values (43, 'Emile', 19, 'M', 'Asian', 'Teal', 'Fox', 'tempus vel pede morbi porttitor lorem id ligula suspendisse ornare consequat lectus in est', '150219544892');
insert into Pets (id, name, age, gender, breed, color, type, description, ownerIc) values (44, 'Ezri', 8, 'M', 'South american sea', 'Mauv', 'Lion', 'vel augue vestibulum rutrum rutrum neque aenean auctor gravida sem praesent', '150219544892');
insert into Pets (id, name, age, gender, breed, color, type, description, ownerIc) values (45, 'Willi', 16, 'F', 'Golden brush-tailed', 'Gold', 'Possum', 'id pretium iaculis diam erat fermentum justo nec condimentum neque sapien placerat ante nulla', '150219544892');
insert into Pets (id, name, age, gender, breed, color, type, description, ownerIc) values (46, 'Phineas', 19, 'M', 'Bulldog', 'Fuscia', 'Dog', 'lectus suspendisse potenti in eleifend quam a odio in hac habitasse platea dictumst maecenas ut', '680120646758');
insert into Pets (id, name, age, gender, breed, color, type, description, ownerIc) values (47, 'Baron', 1, 'M', 'Alligator', 'Yellow', 'Crocodile', 'quisque porta volutpat erat quisque erat eros viverra eget congue eget semper rutrum nulla', '680120646758');
insert into Pets (id, name, age, gender, breed, color, type, description, ownerIc) values (48, 'Barthel', 9, 'M', 'Bettong, brush-tailed', 'Teal', 'Kangaroo', 'a odio in hac habitasse platea dictumst maecenas ut massa quis augue luctus tincidunt nulla', '680120646758');
insert into Pets (id, name, age, gender, breed, color, type, description, ownerIc) values (49, 'Bern', 10, 'M', 'Curlew', 'Orange', 'Bird', 'fermentum donec ut mauris eget massa tempor convallis nulla neque libero', '120919022119');
insert into Pets (id, name, age, gender, breed, color, type, description, ownerIc) values (50, 'Dudley', 6, 'M', 'Bahama pintail', 'Violet', 'Duck', 'volutpat dui maecenas tristique est et tempus semper est quam pharetra magna ac consequat metus', '120919022119');

-- Insert statements for Rooms table (10)
insert into Rooms (id, location, status) values ('A101', 'First Floor', 'Available');
insert into Rooms (id, location, status) values ('A102', 'First Floor', 'Available');
insert into Rooms (id, location, status) values ('A103', 'First Floor', 'Available');
insert into Rooms (id, location, status) values ('A104', 'First Floor', 'Available');
insert into Rooms (id, location, status) values ('A105', 'First Floor', 'Available');
insert into Rooms (id, location, status) values ('B101', 'Second Floor', 'Available');
insert into Rooms (id, location, status) values ('B102', 'Second Floor', 'Available');
insert into Rooms (id, location, status) values ('B103', 'Second Floor', 'Available');
insert into Rooms (id, location, status) values ('B104', 'Second Floor', 'Available');
insert into Rooms (id, location, status) values ('B105', 'Second Floor', 'Available');

-- Insert statements for Staffs table (20)
insert into Staffs (id, name, age, email, phoneNo, role) values (1, 'Briana Thomason', 33, 'bthomason0@zdnet.com', '01151125639', 'Veterinarian');
insert into Staffs (id, name, age, email, phoneNo, role) values (2, 'Horacio Cosson', 34, 'hcosson1@disqus.com', '01956173275', 'Vet Technician');
insert into Staffs (id, name, age, email, phoneNo, role) values (3, 'Bryna Phelipeau', 36, 'bphelipeau2@nymag.com', '01020104351', 'Veterinarian');
insert into Staffs (id, name, age, email, phoneNo, role) values (4, 'Mead Spare', 21, 'mspare3@patch.com', '01303938306', 'Care Assistant');
insert into Staffs (id, name, age, email, phoneNo, role) values (5, 'Wolfy Bastian', 59, 'wbastian4@163.com', '01235091032', 'Vet Technician');
insert into Staffs (id, name, age, email, phoneNo, role) values (6, 'Thorndike Gillingwater', 30, 'tgillingwater5@technorati.com', '01178967515', 'Vet Technician');
insert into Staffs (id, name, age, email, phoneNo, role) values (7, 'Paule Hindrich', 23, 'phindrich6@cargocollective.com', '01198673233', 'Vet Assistant');
insert into Staffs (id, name, age, email, phoneNo, role) values (8, 'Hulda Slamaker', 24, 'hslamaker7@mashable.com', '01397484928', 'Vet Assistant');
insert into Staffs (id, name, age, email, phoneNo, role) values (9, 'Margaretta Woodsford', 24, 'mwoodsford8@chronoengine.com', '01090600898', 'Veterinarian');
insert into Staffs (id, name, age, email, phoneNo, role) values (10, 'Foster Zimek', 55, 'fzimek9@admin.ch', '01884277922', 'Veterinarian');
insert into Staffs (id, name, age, email, phoneNo, role) values (11, 'Robina Steenson', 39, 'rsteensona@sina.com.cn', '01968345080', 'Vet Technician');
insert into Staffs (id, name, age, email, phoneNo, role) values (12, 'Sallie Showalter', 24, 'sshowalterb@xrea.com', '01177940143', 'Vet Technician');
insert into Staffs (id, name, age, email, phoneNo, role) values (13, 'Arv Lemmon', 56, 'alemmonc@fastcompany.com', '01025917511', 'Care Assistant');
insert into Staffs (id, name, age, email, phoneNo, role) values (14, 'Thornton Schapero', 21, 'tschaperod@theatlantic.com', '01864408741', 'Care Assistant');
insert into Staffs (id, name, age, email, phoneNo, role) values (15, 'Humphrey Scotland', 59, 'hscotlande@wiley.com', '01548017296', 'Veterinarian');
insert into Staffs (id, name, age, email, phoneNo, role) values (16, 'Forster Beckingham', 46, 'fbeckinghamf@google.es', '01553603684', 'Vet Assistant');
insert into Staffs (id, name, age, email, phoneNo, role) values (17, 'Daune McTurley', 60, 'dmcturleyg@apple.com', '01036850467', 'Vet Technician');
insert into Staffs (id, name, age, email, phoneNo, role) values (18, 'Wilmette Clemmow', 51, 'wclemmowh@odnoklassniki.ru', '01809028739', 'Vet Assistant');
insert into Staffs (id, name, age, email, phoneNo, role) values (19, 'Tawnya Baynom', 28, 'tbaynomi@redcross.org', '01401202809', 'Vet Assistant');
insert into Staffs (id, name, age, email, phoneNo, role) values (20, 'Trude Grgic', 58, 'tgrgicj@biblegateway.com', '01996815513', 'Veterinarian');

-- Insert statements for Appointments table (70)
insert into Appointments (id, createdAt, bookingDateTime, petId, roomId, staffId) values (1, TO_DATE('2022-10-26 11:41:23', 'yyyy-mm-dd hh24:mi:ss'), TO_DATE('2022-10-28 11:38:35', 'yyyy-mm-dd hh24:mi:ss'), 23, 'B101', 18);
insert into Appointments (id, createdAt, bookingDateTime, petId, roomId, staffId) values (2, TO_DATE('2022-09-20 12:01:57', 'yyyy-mm-dd hh24:mi:ss'), TO_DATE('2022-09-22 14:08:58', 'yyyy-mm-dd hh24:mi:ss'), 31, 'A105', 8);
insert into Appointments (id, createdAt, bookingDateTime, petId, roomId, staffId) values (3, TO_DATE('2022-09-18 14:02:34', 'yyyy-mm-dd hh24:mi:ss'), TO_DATE('2022-09-20 10:39:07', 'yyyy-mm-dd hh24:mi:ss'), 26, 'B103', 15);
insert into Appointments (id, createdAt, bookingDateTime, petId, roomId, staffId) values (4, TO_DATE('2022-10-19 14:13:41', 'yyyy-mm-dd hh24:mi:ss'), TO_DATE('2022-10-21 09:33:23', 'yyyy-mm-dd hh24:mi:ss'), 2, 'A102', 12);
insert into Appointments (id, createdAt, bookingDateTime, petId, roomId, staffId) values (5, TO_DATE('2022-10-25 09:00:57', 'yyyy-mm-dd hh24:mi:ss'), TO_DATE('2022-10-27 12:12:43', 'yyyy-mm-dd hh24:mi:ss'), 46, 'A101', 7);
insert into Appointments (id, createdAt, bookingDateTime, petId, roomId, staffId) values (6, TO_DATE('2022-09-02 15:03:49', 'yyyy-mm-dd hh24:mi:ss'), TO_DATE('2022-09-04 15:28:51', 'yyyy-mm-dd hh24:mi:ss'), 1, 'B102', 18);
insert into Appointments (id, createdAt, bookingDateTime, petId, roomId, staffId) values (7, TO_DATE('2022-10-08 11:11:05', 'yyyy-mm-dd hh24:mi:ss'), TO_DATE('2022-10-10 11:42:12', 'yyyy-mm-dd hh24:mi:ss'), 32, 'A101', 19);
insert into Appointments (id, createdAt, bookingDateTime, petId, roomId, staffId) values (8, TO_DATE('2022-09-16 14:20:11', 'yyyy-mm-dd hh24:mi:ss'), TO_DATE('2022-09-18 11:31:50', 'yyyy-mm-dd hh24:mi:ss'), 49, 'A101', 2);
insert into Appointments (id, createdAt, bookingDateTime, petId, roomId, staffId) values (9, TO_DATE('2022-10-26 09:26:05', 'yyyy-mm-dd hh24:mi:ss'), TO_DATE('2022-10-28 14:29:57', 'yyyy-mm-dd hh24:mi:ss'), 1, 'A105', 18);
insert into Appointments (id, createdAt, bookingDateTime, petId, roomId, staffId) values (10, TO_DATE('2022-09-08 11:14:25', 'yyyy-mm-dd hh24:mi:ss'), TO_DATE('2022-09-10 09:23:50', 'yyyy-mm-dd hh24:mi:ss'), 18, 'A101', 17);
insert into Appointments (id, createdAt, bookingDateTime, petId, roomId, staffId) values (11, TO_DATE('2022-10-16 09:53:24', 'yyyy-mm-dd hh24:mi:ss'), TO_DATE('2022-10-18 15:37:00', 'yyyy-mm-dd hh24:mi:ss'), 27, 'B101', 12);
insert into Appointments (id, createdAt, bookingDateTime, petId, roomId, staffId) values (12, TO_DATE('2022-09-19 14:10:59', 'yyyy-mm-dd hh24:mi:ss'), TO_DATE('2022-09-21 12:23:34', 'yyyy-mm-dd hh24:mi:ss'), 44, 'A102', 16);
insert into Appointments (id, createdAt, bookingDateTime, petId, roomId, staffId) values (13, TO_DATE('2022-10-26 14:08:37', 'yyyy-mm-dd hh24:mi:ss'), TO_DATE('2022-10-28 15:36:01', 'yyyy-mm-dd hh24:mi:ss'), 16, 'A102', 1);
insert into Appointments (id, createdAt, bookingDateTime, petId, roomId, staffId) values (14, TO_DATE('2022-10-26 14:45:11', 'yyyy-mm-dd hh24:mi:ss'), TO_DATE('2022-10-28 15:28:37', 'yyyy-mm-dd hh24:mi:ss'), 21, 'B103', 13);
insert into Appointments (id, createdAt, bookingDateTime, petId, roomId, staffId) values (15, TO_DATE('2022-10-25 14:27:12', 'yyyy-mm-dd hh24:mi:ss'), TO_DATE('2022-10-27 09:40:12', 'yyyy-mm-dd hh24:mi:ss'), 41, 'A103', 17);
insert into Appointments (id, createdAt, bookingDateTime, petId, roomId, staffId) values (16, TO_DATE('2022-10-29 15:55:28', 'yyyy-mm-dd hh24:mi:ss'), TO_DATE('2022-10-31 10:49:05', 'yyyy-mm-dd hh24:mi:ss'), 39, 'A103', 4);
insert into Appointments (id, createdAt, bookingDateTime, petId, roomId, staffId) values (17, TO_DATE('2022-10-21 13:48:48', 'yyyy-mm-dd hh24:mi:ss'), TO_DATE('2022-10-23 12:54:06', 'yyyy-mm-dd hh24:mi:ss'), 5, 'A101', 1);
insert into Appointments (id, createdAt, bookingDateTime, petId, roomId, staffId) values (18, TO_DATE('2022-10-05 16:09:49', 'yyyy-mm-dd hh24:mi:ss'), TO_DATE('2022-10-07 13:18:03', 'yyyy-mm-dd hh24:mi:ss'), 34, 'B105', 1);
insert into Appointments (id, createdAt, bookingDateTime, petId, roomId, staffId) values (19, TO_DATE('2022-09-03 13:36:03', 'yyyy-mm-dd hh24:mi:ss'), TO_DATE('2022-09-05 15:30:00', 'yyyy-mm-dd hh24:mi:ss'), 7, 'B103', 20);
insert into Appointments (id, createdAt, bookingDateTime, petId, roomId, staffId) values (20, TO_DATE('2022-09-04 09:51:40', 'yyyy-mm-dd hh24:mi:ss'), TO_DATE('2022-09-06 09:28:23', 'yyyy-mm-dd hh24:mi:ss'), 11, 'A103', 4);
insert into Appointments (id, createdAt, bookingDateTime, petId, roomId, staffId) values (21, TO_DATE('2022-10-06 10:26:59', 'yyyy-mm-dd hh24:mi:ss'), TO_DATE('2022-10-08 10:30:58', 'yyyy-mm-dd hh24:mi:ss'), 49, 'B104', 9);
insert into Appointments (id, createdAt, bookingDateTime, petId, roomId, staffId) values (22, TO_DATE('2022-09-04 11:59:35', 'yyyy-mm-dd hh24:mi:ss'), TO_DATE('2022-09-06 10:21:55', 'yyyy-mm-dd hh24:mi:ss'), 14, 'A103', 17);
insert into Appointments (id, createdAt, bookingDateTime, petId, roomId, staffId) values (23, TO_DATE('2022-09-25 10:14:26', 'yyyy-mm-dd hh24:mi:ss'), TO_DATE('2022-09-27 09:36:02', 'yyyy-mm-dd hh24:mi:ss'), 17, 'B101', 10);
insert into Appointments (id, createdAt, bookingDateTime, petId, roomId, staffId) values (24, TO_DATE('2022-09-20 16:30:00', 'yyyy-mm-dd hh24:mi:ss'), TO_DATE('2022-09-22 15:57:19', 'yyyy-mm-dd hh24:mi:ss'), 20, 'A105', 2);
insert into Appointments (id, createdAt, bookingDateTime, petId, roomId, staffId) values (25, TO_DATE('2022-10-30 11:05:11', 'yyyy-mm-dd hh24:mi:ss'), TO_DATE('2022-11-01 13:39:18', 'yyyy-mm-dd hh24:mi:ss'), 23, 'A102', 10);
insert into Appointments (id, createdAt, bookingDateTime, petId, roomId, staffId) values (26, TO_DATE('2022-09-06 13:26:51', 'yyyy-mm-dd hh24:mi:ss'), TO_DATE('2022-09-08 10:27:38', 'yyyy-mm-dd hh24:mi:ss'), 39, 'A103', 17);
insert into Appointments (id, createdAt, bookingDateTime, petId, roomId, staffId) values (27, TO_DATE('2022-10-02 13:29:58', 'yyyy-mm-dd hh24:mi:ss'), TO_DATE('2022-10-04 14:56:09', 'yyyy-mm-dd hh24:mi:ss'), 15, 'B103', 10);
insert into Appointments (id, createdAt, bookingDateTime, petId, roomId, staffId) values (28, TO_DATE('2022-09-19 11:58:49', 'yyyy-mm-dd hh24:mi:ss'), TO_DATE('2022-09-21 13:29:10', 'yyyy-mm-dd hh24:mi:ss'), 7, 'A102', 14);
insert into Appointments (id, createdAt, bookingDateTime, petId, roomId, staffId) values (29, TO_DATE('2022-09-13 11:24:27', 'yyyy-mm-dd hh24:mi:ss'), TO_DATE('2022-09-15 12:38:13', 'yyyy-mm-dd hh24:mi:ss'), 46, 'A104', 20);
insert into Appointments (id, createdAt, bookingDateTime, petId, roomId, staffId) values (30, TO_DATE('2022-10-26 10:10:05', 'yyyy-mm-dd hh24:mi:ss'), TO_DATE('2022-10-28 14:05:56', 'yyyy-mm-dd hh24:mi:ss'), 15, 'B105', 14);
insert into Appointments (id, createdAt, bookingDateTime, petId, roomId, staffId) values (31, TO_DATE('2022-10-29 14:54:41', 'yyyy-mm-dd hh24:mi:ss'), TO_DATE('2022-10-31 14:48:49', 'yyyy-mm-dd hh24:mi:ss'), 31, 'A103', 8);
insert into Appointments (id, createdAt, bookingDateTime, petId, roomId, staffId) values (32, TO_DATE('2022-10-07 15:25:42', 'yyyy-mm-dd hh24:mi:ss'), TO_DATE('2022-10-09 12:00:42', 'yyyy-mm-dd hh24:mi:ss'), 22, 'A105', 8);
insert into Appointments (id, createdAt, bookingDateTime, petId, roomId, staffId) values (33, TO_DATE('2022-09-12 11:26:14', 'yyyy-mm-dd hh24:mi:ss'), TO_DATE('2022-09-14 11:19:44', 'yyyy-mm-dd hh24:mi:ss'), 21, 'A104', 20);
insert into Appointments (id, createdAt, bookingDateTime, petId, roomId, staffId) values (34, TO_DATE('2022-09-09 12:57:17', 'yyyy-mm-dd hh24:mi:ss'), TO_DATE('2022-09-11 10:03:31', 'yyyy-mm-dd hh24:mi:ss'), 20, 'B102', 1);
insert into Appointments (id, createdAt, bookingDateTime, petId, roomId, staffId) values (35, TO_DATE('2022-09-03 13:32:22', 'yyyy-mm-dd hh24:mi:ss'), TO_DATE('2022-09-05 10:46:09', 'yyyy-mm-dd hh24:mi:ss'), 50, 'B101', 12);
insert into Appointments (id, createdAt, bookingDateTime, petId, roomId, staffId) values (36, TO_DATE('2022-09-27 15:09:34', 'yyyy-mm-dd hh24:mi:ss'), TO_DATE('2022-09-29 09:50:56', 'yyyy-mm-dd hh24:mi:ss'), 8, 'A101', 2);
insert into Appointments (id, createdAt, bookingDateTime, petId, roomId, staffId) values (37, TO_DATE('2022-10-14 10:57:01', 'yyyy-mm-dd hh24:mi:ss'), TO_DATE('2022-10-16 14:44:48', 'yyyy-mm-dd hh24:mi:ss'), 38, 'A101', 8);
insert into Appointments (id, createdAt, bookingDateTime, petId, roomId, staffId) values (38, TO_DATE('2022-09-17 10:46:06', 'yyyy-mm-dd hh24:mi:ss'), TO_DATE('2022-09-19 10:00:28', 'yyyy-mm-dd hh24:mi:ss'), 2, 'B105', 19);
insert into Appointments (id, createdAt, bookingDateTime, petId, roomId, staffId) values (39, TO_DATE('2022-10-24 10:14:21', 'yyyy-mm-dd hh24:mi:ss'), TO_DATE('2022-10-26 09:30:56', 'yyyy-mm-dd hh24:mi:ss'), 21, 'B104', 16);
insert into Appointments (id, createdAt, bookingDateTime, petId, roomId, staffId) values (40, TO_DATE('2022-10-30 09:00:35', 'yyyy-mm-dd hh24:mi:ss'), TO_DATE('2022-11-01 15:32:47', 'yyyy-mm-dd hh24:mi:ss'), 47, 'A104', 3);
insert into Appointments (id, createdAt, bookingDateTime, petId, roomId, staffId) values (41, TO_DATE('2022-09-28 13:09:34', 'yyyy-mm-dd hh24:mi:ss'), TO_DATE('2022-09-30 09:12:38', 'yyyy-mm-dd hh24:mi:ss'), 14, 'A102', 1);
insert into Appointments (id, createdAt, bookingDateTime, petId, roomId, staffId) values (42, TO_DATE('2022-09-05 09:23:52', 'yyyy-mm-dd hh24:mi:ss'), TO_DATE('2022-09-07 12:13:21', 'yyyy-mm-dd hh24:mi:ss'), 40, 'B102', 17);
insert into Appointments (id, createdAt, bookingDateTime, petId, roomId, staffId) values (43, TO_DATE('2022-10-13 14:23:07', 'yyyy-mm-dd hh24:mi:ss'), TO_DATE('2022-10-15 09:48:05', 'yyyy-mm-dd hh24:mi:ss'), 20, 'A102', 14);
insert into Appointments (id, createdAt, bookingDateTime, petId, roomId, staffId) values (44, TO_DATE('2022-10-17 10:55:43', 'yyyy-mm-dd hh24:mi:ss'), TO_DATE('2022-10-19 14:20:21', 'yyyy-mm-dd hh24:mi:ss'), 37, 'A105', 18);
insert into Appointments (id, createdAt, bookingDateTime, petId, roomId, staffId) values (45, TO_DATE('2022-10-28 14:21:27', 'yyyy-mm-dd hh24:mi:ss'), TO_DATE('2022-10-30 11:21:52', 'yyyy-mm-dd hh24:mi:ss'), 17, 'B101', 20);
insert into Appointments (id, createdAt, bookingDateTime, petId, roomId, staffId) values (46, TO_DATE('2022-10-28 13:35:46', 'yyyy-mm-dd hh24:mi:ss'), TO_DATE('2022-10-30 14:51:17', 'yyyy-mm-dd hh24:mi:ss'), 44, 'A105', 6);
insert into Appointments (id, createdAt, bookingDateTime, petId, roomId, staffId) values (47, TO_DATE('2022-09-19 11:22:38', 'yyyy-mm-dd hh24:mi:ss'), TO_DATE('2022-09-21 11:26:58', 'yyyy-mm-dd hh24:mi:ss'), 36, 'B102', 1);
insert into Appointments (id, createdAt, bookingDateTime, petId, roomId, staffId) values (48, TO_DATE('2022-09-07 13:49:44', 'yyyy-mm-dd hh24:mi:ss'), TO_DATE('2022-09-09 09:35:12', 'yyyy-mm-dd hh24:mi:ss'), 6, 'B105', 16);
insert into Appointments (id, createdAt, bookingDateTime, petId, roomId, staffId) values (49, TO_DATE('2022-10-01 13:03:53', 'yyyy-mm-dd hh24:mi:ss'), TO_DATE('2022-10-03 12:45:53', 'yyyy-mm-dd hh24:mi:ss'), 2, 'B101', 18);
insert into Appointments (id, createdAt, bookingDateTime, petId, roomId, staffId) values (50, TO_DATE('2022-09-21 16:52:14', 'yyyy-mm-dd hh24:mi:ss'), TO_DATE('2022-09-23 15:51:17', 'yyyy-mm-dd hh24:mi:ss'), 26, 'B105', 19);
insert into Appointments (id, createdAt, bookingDateTime, petId, roomId, staffId) values (51, TO_DATE('2022-09-24 12:27:08', 'yyyy-mm-dd hh24:mi:ss'), TO_DATE('2022-09-26 09:20:58', 'yyyy-mm-dd hh24:mi:ss'), 20, 'B101', 4);
insert into Appointments (id, createdAt, bookingDateTime, petId, roomId, staffId) values (52, TO_DATE('2022-10-05 11:55:32', 'yyyy-mm-dd hh24:mi:ss'), TO_DATE('2022-10-07 11:01:12', 'yyyy-mm-dd hh24:mi:ss'), 39, 'A102', 14);
insert into Appointments (id, createdAt, bookingDateTime, petId, roomId, staffId) values (53, TO_DATE('2022-09-30 13:34:11', 'yyyy-mm-dd hh24:mi:ss'), TO_DATE('2022-10-02 09:20:32', 'yyyy-mm-dd hh24:mi:ss'), 21, 'A103', 8);
insert into Appointments (id, createdAt, bookingDateTime, petId, roomId, staffId) values (54, TO_DATE('2022-10-11 13:07:02', 'yyyy-mm-dd hh24:mi:ss'), TO_DATE('2022-10-13 14:25:21', 'yyyy-mm-dd hh24:mi:ss'), 49, 'A102', 18);
insert into Appointments (id, createdAt, bookingDateTime, petId, roomId, staffId) values (55, TO_DATE('2022-09-29 10:09:59', 'yyyy-mm-dd hh24:mi:ss'), TO_DATE('2022-10-01 12:07:18', 'yyyy-mm-dd hh24:mi:ss'), 49, 'B105', 16);
insert into Appointments (id, createdAt, bookingDateTime, petId, roomId, staffId) values (56, TO_DATE('2022-10-29 15:13:54', 'yyyy-mm-dd hh24:mi:ss'), TO_DATE('2022-10-31 13:42:47', 'yyyy-mm-dd hh24:mi:ss'), 21, 'A104', 7);
insert into Appointments (id, createdAt, bookingDateTime, petId, roomId, staffId) values (57, TO_DATE('2022-09-26 12:50:00', 'yyyy-mm-dd hh24:mi:ss'), TO_DATE('2022-09-28 13:30:24', 'yyyy-mm-dd hh24:mi:ss'), 50, 'A103', 14);
insert into Appointments (id, createdAt, bookingDateTime, petId, roomId, staffId) values (58, TO_DATE('2022-09-02 12:13:13', 'yyyy-mm-dd hh24:mi:ss'), TO_DATE('2022-09-04 10:29:24', 'yyyy-mm-dd hh24:mi:ss'), 7, 'A104', 19);
insert into Appointments (id, createdAt, bookingDateTime, petId, roomId, staffId) values (59, TO_DATE('2022-10-04 10:25:50', 'yyyy-mm-dd hh24:mi:ss'), TO_DATE('2022-10-06 12:55:28', 'yyyy-mm-dd hh24:mi:ss'), 14, 'A102', 6);
insert into Appointments (id, createdAt, bookingDateTime, petId, roomId, staffId) values (60, TO_DATE('2022-09-15 11:58:53', 'yyyy-mm-dd hh24:mi:ss'), TO_DATE('2022-09-17 13:15:07', 'yyyy-mm-dd hh24:mi:ss'), 2, 'A101', 16);
insert into Appointments (id, createdAt, bookingDateTime, petId, roomId, staffId) values (61, TO_DATE('2022-09-18 12:00:29', 'yyyy-mm-dd hh24:mi:ss'), TO_DATE('2022-09-20 14:37:45', 'yyyy-mm-dd hh24:mi:ss'), 36, 'B104', 15);
insert into Appointments (id, createdAt, bookingDateTime, petId, roomId, staffId) values (62, TO_DATE('2022-09-23 12:22:52', 'yyyy-mm-dd hh24:mi:ss'), TO_DATE('2022-09-25 10:40:12', 'yyyy-mm-dd hh24:mi:ss'), 18, 'A101', 8);
insert into Appointments (id, createdAt, bookingDateTime, petId, roomId, staffId) values (63, TO_DATE('2022-09-02 14:05:15', 'yyyy-mm-dd hh24:mi:ss'), TO_DATE('2022-09-04 10:49:58', 'yyyy-mm-dd hh24:mi:ss'), 13, 'A101', 6);
insert into Appointments (id, createdAt, bookingDateTime, petId, roomId, staffId) values (64, TO_DATE('2022-10-27 15:54:30', 'yyyy-mm-dd hh24:mi:ss'), TO_DATE('2022-10-29 14:24:52', 'yyyy-mm-dd hh24:mi:ss'), 50, 'A103', 4);
insert into Appointments (id, createdAt, bookingDateTime, petId, roomId, staffId) values (65, TO_DATE('2022-10-11 13:17:04', 'yyyy-mm-dd hh24:mi:ss'), TO_DATE('2022-10-13 09:34:32', 'yyyy-mm-dd hh24:mi:ss'), 36, 'A102', 4);
insert into Appointments (id, createdAt, bookingDateTime, petId, roomId, staffId) values (66, TO_DATE('2022-09-29 11:52:23', 'yyyy-mm-dd hh24:mi:ss'), TO_DATE('2022-10-01 15:07:36', 'yyyy-mm-dd hh24:mi:ss'), 5, 'A105', 6);
insert into Appointments (id, createdAt, bookingDateTime, petId, roomId, staffId) values (67, TO_DATE('2022-10-16 13:38:19', 'yyyy-mm-dd hh24:mi:ss'), TO_DATE('2022-10-18 13:31:31', 'yyyy-mm-dd hh24:mi:ss'), 43, 'A104', 4);
insert into Appointments (id, createdAt, bookingDateTime, petId, roomId, staffId) values (68, TO_DATE('2022-09-30 15:46:41', 'yyyy-mm-dd hh24:mi:ss'), TO_DATE('2022-10-02 12:56:55', 'yyyy-mm-dd hh24:mi:ss'), 2, 'B101', 3);
insert into Appointments (id, createdAt, bookingDateTime, petId, roomId, staffId) values (69, TO_DATE('2022-10-07 10:42:27', 'yyyy-mm-dd hh24:mi:ss'), TO_DATE('2022-10-09 09:56:10', 'yyyy-mm-dd hh24:mi:ss'), 18, 'A104', 9);
insert into Appointments (id, createdAt, bookingDateTime, petId, roomId, staffId) values (70, TO_DATE('2022-09-29 11:09:39', 'yyyy-mm-dd hh24:mi:ss'), TO_DATE('2022-10-01 15:12:41', 'yyyy-mm-dd hh24:mi:ss'), 22, 'A105', 10);

-- Insert statements for Invoices table (70)
insert into Invoices (appointmentId, totalPrice, paidDateTime) values (1, 1534.00, TO_DATE('2022-10-28 12:38:35', 'yyyy-mm-dd hh24:mi:ss'));
insert into Invoices (appointmentId, totalPrice, paidDateTime) values (2, 530.00, TO_DATE('2022-09-22 15:08:58', 'yyyy-mm-dd hh24:mi:ss'));
insert into Invoices (appointmentId, totalPrice, paidDateTime) values (3, 1039.00, TO_DATE('2022-09-20 11:39:07', 'yyyy-mm-dd hh24:mi:ss'));
insert into Invoices (appointmentId, totalPrice, paidDateTime) values (4, 350.00, TO_DATE('2022-10-21 10:33:23', 'yyyy-mm-dd hh24:mi:ss'));
insert into Invoices (appointmentId, totalPrice, paidDateTime) values (5, 1450.00, TO_DATE('2022-10-27 13:12:43', 'yyyy-mm-dd hh24:mi:ss'));
insert into Invoices (appointmentId, totalPrice, paidDateTime) values (6, 700.00, TO_DATE('2022-09-04 16:28:51', 'yyyy-mm-dd hh24:mi:ss'));
insert into Invoices (appointmentId, totalPrice, paidDateTime) values (7, 380.00, TO_DATE('2022-10-10 12:42:12', 'yyyy-mm-dd hh24:mi:ss'));
insert into Invoices (appointmentId, totalPrice, paidDateTime) values (8, 350.00, TO_DATE('2022-09-18 12:31:50', 'yyyy-mm-dd hh24:mi:ss'));
insert into Invoices (appointmentId, totalPrice, paidDateTime) values (9, 700.00, TO_DATE('2022-10-28 15:29:57', 'yyyy-mm-dd hh24:mi:ss'));
insert into Invoices (appointmentId, totalPrice, paidDateTime) values (10, 1050.00, TO_DATE('2022-09-10 10:23:50', 'yyyy-mm-dd hh24:mi:ss'));
insert into Invoices (appointmentId, totalPrice, paidDateTime) values (11, 730.00, TO_DATE('2022-10-18 16:37:00', 'yyyy-mm-dd hh24:mi:ss'));
insert into Invoices (appointmentId, totalPrice, paidDateTime) values (12, 574.00, TO_DATE('2022-09-21 13:23:34', 'yyyy-mm-dd hh24:mi:ss'));
insert into Invoices (appointmentId, totalPrice, paidDateTime) values (13, 574.00, TO_DATE('2022-10-28 16:36:01', 'yyyy-mm-dd hh24:mi:ss'));
insert into Invoices (appointmentId, totalPrice, paidDateTime) values (14, 960.00, TO_DATE('2022-10-28 16:28:37', 'yyyy-mm-dd hh24:mi:ss'));
insert into Invoices (appointmentId, totalPrice, paidDateTime) values (15, 1534.00, TO_DATE('2022-10-27 10:40:12', 'yyyy-mm-dd hh24:mi:ss'));
insert into Invoices (appointmentId, totalPrice, paidDateTime) values (16, 1140.00, TO_DATE('2022-10-31 11:49:05', 'yyyy-mm-dd hh24:mi:ss'));
insert into Invoices (appointmentId, totalPrice, paidDateTime) values (17, 380.00, TO_DATE('2022-10-23 13:54:06', 'yyyy-mm-dd hh24:mi:ss'));
insert into Invoices (appointmentId, totalPrice, paidDateTime) values (18, 574.00, TO_DATE('2022-10-07 14:18:03', 'yyyy-mm-dd hh24:mi:ss'));
insert into Invoices (appointmentId, totalPrice, paidDateTime) values (19, 690.00, TO_DATE('2022-09-05 16:30:00', 'yyyy-mm-dd hh24:mi:ss'));
insert into Invoices (appointmentId, totalPrice, paidDateTime) values (20, 380.00, TO_DATE('2022-09-06 10:28:23', 'yyyy-mm-dd hh24:mi:ss'));
insert into Invoices (appointmentId, totalPrice, paidDateTime) values (21, 760.00, TO_DATE('2022-10-08 11:30:58', 'yyyy-mm-dd hh24:mi:ss'));
insert into Invoices (appointmentId, totalPrice, paidDateTime) values (22, 960.00, TO_DATE('2022-09-06 11:21:55', 'yyyy-mm-dd hh24:mi:ss'));
insert into Invoices (appointmentId, totalPrice, paidDateTime) values (23, 700.00, TO_DATE('2022-09-27 10:36:02', 'yyyy-mm-dd hh24:mi:ss'));
insert into Invoices (appointmentId, totalPrice, paidDateTime) values (24, 240.00, TO_DATE('2022-09-22 16:57:19', 'yyyy-mm-dd hh24:mi:ss'));
insert into Invoices (appointmentId, totalPrice, paidDateTime) values (25, 1450.00, TO_DATE('2022-11-01 14:39:18', 'yyyy-mm-dd hh24:mi:ss'));
insert into Invoices (appointmentId, totalPrice, paidDateTime) values (26, 1334.00, TO_DATE('2022-09-08 11:27:38', 'yyyy-mm-dd hh24:mi:ss'));
insert into Invoices (appointmentId, totalPrice, paidDateTime) values (27, 1200.00, TO_DATE('2022-10-04 15:56:09', 'yyyy-mm-dd hh24:mi:ss'));
insert into Invoices (appointmentId, totalPrice, paidDateTime) values (28, 530.00, TO_DATE('2022-09-21 14:29:10', 'yyyy-mm-dd hh24:mi:ss'));
insert into Invoices (appointmentId, totalPrice, paidDateTime) values (29, 350.00, TO_DATE('2022-09-15 13:38:13', 'yyyy-mm-dd hh24:mi:ss'));
insert into Invoices (appointmentId, totalPrice, paidDateTime) values (30, 240.00, TO_DATE('2022-10-28 15:05:56', 'yyyy-mm-dd hh24:mi:ss'));
insert into Invoices (appointmentId, totalPrice, paidDateTime) values (31, 1110.00, TO_DATE('2022-10-31 15:48:49', 'yyyy-mm-dd hh24:mi:ss'));
insert into Invoices (appointmentId, totalPrice, paidDateTime) values (32, 380.00, TO_DATE('2022-10-09 13:00:42', 'yyyy-mm-dd hh24:mi:ss'));
insert into Invoices (appointmentId, totalPrice, paidDateTime) values (33, 1580.00, TO_DATE('2022-09-14 12:19:44', 'yyyy-mm-dd hh24:mi:ss'));
insert into Invoices (appointmentId, totalPrice, paidDateTime) values (34, 620.00, TO_DATE('2022-09-11 11:03:31', 'yyyy-mm-dd hh24:mi:ss'));
insert into Invoices (appointmentId, totalPrice, paidDateTime) values (35, 700.00, TO_DATE('2022-09-05 11:46:09', 'yyyy-mm-dd hh24:mi:ss'));
insert into Invoices (appointmentId, totalPrice, paidDateTime) values (36, 530.00, TO_DATE('2022-09-29 10:50:56', 'yyyy-mm-dd hh24:mi:ss'));
insert into Invoices (appointmentId, totalPrice, paidDateTime) values (37, 960.00, TO_DATE('2022-10-16 15:44:48', 'yyyy-mm-dd hh24:mi:ss'));
insert into Invoices (appointmentId, totalPrice, paidDateTime) values (38, 574.00, TO_DATE('2022-09-19 11:00:28', 'yyyy-mm-dd hh24:mi:ss'));
insert into Invoices (appointmentId, totalPrice, paidDateTime) values (39, 574.00, TO_DATE('2022-10-26 10:30:56', 'yyyy-mm-dd hh24:mi:ss'));
insert into Invoices (appointmentId, totalPrice, paidDateTime) values (40, 1425.00, TO_DATE('2022-11-01 16:32:47', 'yyyy-mm-dd hh24:mi:ss'));
insert into Invoices (appointmentId, totalPrice, paidDateTime) values (41, 1225.00, TO_DATE('2022-09-30 10:12:38', 'yyyy-mm-dd hh24:mi:ss'));
insert into Invoices (appointmentId, totalPrice, paidDateTime) values (42, 465.00, TO_DATE('2022-09-07 13:13:21', 'yyyy-mm-dd hh24:mi:ss'));
insert into Invoices (appointmentId, totalPrice, paidDateTime) values (43, 620.00, TO_DATE('2022-10-15 10:48:05', 'yyyy-mm-dd hh24:mi:ss'));
insert into Invoices (appointmentId, totalPrice, paidDateTime) values (44, 350.00, TO_DATE('2022-10-19 15:20:21', 'yyyy-mm-dd hh24:mi:ss'));
insert into Invoices (appointmentId, totalPrice, paidDateTime) values (45, 1534.00, TO_DATE('2022-10-30 12:21:52', 'yyyy-mm-dd hh24:mi:ss'));
insert into Invoices (appointmentId, totalPrice, paidDateTime) values (46, 574.00, TO_DATE('2022-10-30 15:51:17', 'yyyy-mm-dd hh24:mi:ss'));
insert into Invoices (appointmentId, totalPrice, paidDateTime) values (47, 1274.00, TO_DATE('2022-09-21 12:26:58', 'yyyy-mm-dd hh24:mi:ss'));
insert into Invoices (appointmentId, totalPrice, paidDateTime) values (48, 760.00, TO_DATE('2022-09-09 10:35:12', 'yyyy-mm-dd hh24:mi:ss'));
insert into Invoices (appointmentId, totalPrice, paidDateTime) values (49, 1810.00, TO_DATE('2022-10-03 13:45:53', 'yyyy-mm-dd hh24:mi:ss'));
insert into Invoices (appointmentId, totalPrice, paidDateTime) values (50, 574.00, TO_DATE('2022-09-23 16:51:17', 'yyyy-mm-dd hh24:mi:ss'));
insert into Invoices (appointmentId, totalPrice, paidDateTime) values (51, 574.00, TO_DATE('2022-09-26 10:20:58', 'yyyy-mm-dd hh24:mi:ss'));
insert into Invoices (appointmentId, totalPrice, paidDateTime) values (52, 1990.00, TO_DATE('2022-10-07 12:01:12', 'yyyy-mm-dd hh24:mi:ss'));
insert into Invoices (appointmentId, totalPrice, paidDateTime) values (53, 465.00, TO_DATE('2022-10-02 10:20:32', 'yyyy-mm-dd hh24:mi:ss'));
insert into Invoices (appointmentId, totalPrice, paidDateTime) values (54, 350.00, TO_DATE('2022-10-13 15:25:21', 'yyyy-mm-dd hh24:mi:ss'));
insert into Invoices (appointmentId, totalPrice, paidDateTime) values (55, 1389.00, TO_DATE('2022-10-01 13:07:18', 'yyyy-mm-dd hh24:mi:ss'));
insert into Invoices (appointmentId, totalPrice, paidDateTime) values (56, 690.00, TO_DATE('2022-10-31 14:42:47', 'yyyy-mm-dd hh24:mi:ss'));
insert into Invoices (appointmentId, totalPrice, paidDateTime) values (57, 770.00, TO_DATE('2022-09-28 14:30:24', 'yyyy-mm-dd hh24:mi:ss'));
insert into Invoices (appointmentId, totalPrice, paidDateTime) values (58, 1140.00, TO_DATE('2022-09-04 11:29:24', 'yyyy-mm-dd hh24:mi:ss'));
insert into Invoices (appointmentId, totalPrice, paidDateTime) values (59, 760.00, TO_DATE('2022-10-06 13:55:28', 'yyyy-mm-dd hh24:mi:ss'));
insert into Invoices (appointmentId, totalPrice, paidDateTime) values (60, 465.00, TO_DATE('2022-09-17 14:15:07', 'yyyy-mm-dd hh24:mi:ss'));
insert into Invoices (appointmentId, totalPrice, paidDateTime) values (61, 240.00, TO_DATE('2022-09-20 15:37:45', 'yyyy-mm-dd hh24:mi:ss'));
insert into Invoices (appointmentId, totalPrice, paidDateTime) values (62, 700.00, TO_DATE('2022-09-25 11:40:12', 'yyyy-mm-dd hh24:mi:ss'));
insert into Invoices (appointmentId, totalPrice, paidDateTime) values (63, 574.00, TO_DATE('2022-09-04 11:49:58', 'yyyy-mm-dd hh24:mi:ss'));
insert into Invoices (appointmentId, totalPrice, paidDateTime) values (64, 574.00, TO_DATE('2022-10-29 15:24:52', 'yyyy-mm-dd hh24:mi:ss'));
insert into Invoices (appointmentId, totalPrice, paidDateTime) values (65, 814.00, TO_DATE('2022-10-13 10:34:32', 'yyyy-mm-dd hh24:mi:ss'));
insert into Invoices (appointmentId, totalPrice, paidDateTime) values (66, 380.00, TO_DATE('2022-10-01 16:07:36', 'yyyy-mm-dd hh24:mi:ss'));
insert into Invoices (appointmentId, totalPrice, paidDateTime) values (67, 960.00, TO_DATE('2022-10-18 14:31:31', 'yyyy-mm-dd hh24:mi:ss'));
insert into Invoices (appointmentId, totalPrice, paidDateTime) values (68, 1450.00, TO_DATE('2022-10-02 13:56:55', 'yyyy-mm-dd hh24:mi:ss'));
insert into Invoices (appointmentId, totalPrice, paidDateTime) values (69, 350.00, TO_DATE('2022-10-09 10:56:10', 'yyyy-mm-dd hh24:mi:ss'));
insert into Invoices (appointmentId, totalPrice, paidDateTime) values (70, 1340.00, TO_DATE('2022-10-01 16:12:41', 'yyyy-mm-dd hh24:mi:ss'));

-- Insert statements for Treatments table (10)
insert into Treatments (id, name, cost, price, description) values (1, 'Anthelmintics', 670.00, 700.00, 'To eliminate parasitic worms, which infest their systems and steal important nutrients');
insert into Treatments (id, name, cost, price, description) values (2, 'Dermatological Drugs', 320.00, 350.00, 'To treat common skin and ear conditions in animals');
insert into Treatments (id, name, cost, price, description) values (3, 'Central Nervous System Medications', 350.00, 380.00, 'To help animals suffering from seizures or epilepsy');
insert into Treatments (id, name, cost, price, description) values (4, 'Respiratory Drugs', 435.00, 465.00, 'To help animals suffering from respiratory issues');
insert into Treatments (id, name, cost, price, description) values (5, 'Antibiotics', 210.00, 240.00, 'These medications help the systems of animal to fight infection and disease');
insert into Treatments (id, name, cost, price, description) values (6, 'Kidney Medications', 500.00, 530.00, 'These treatments can help slow or stop the progress of these disorders');
insert into Treatments (id, name, cost, price, description) values (7, 'Painkillers', 660.00, 690.00, 'Help animals with chronic conditions or those recovering from major procedures');
insert into Treatments (id, name, cost, price, description) values (8, 'Chemotherapy', 930.00, 960.00, 'Help kill cancer cells');
insert into Treatments (id, name, cost, price, description) values (9, 'Hormone Medications', 730.00, 760.00, 'To assist animals with reproductive issues');
insert into Treatments (id, name, cost, price, description) values (10, 'Cardiovascular Treatments', 544.00, 574.00, 'To treat any conditions relating to the heart or blood vessels');

-- Insert statements for TreatmentInvoice table (100)
insert into TreatmentInvoice (invoiceId, treatmentId) values (1, 8);
insert into TreatmentInvoice (invoiceId, treatmentId) values (2, 6);
insert into TreatmentInvoice (invoiceId, treatmentId) values (3, 4);
insert into TreatmentInvoice (invoiceId, treatmentId) values (4, 2);
insert into TreatmentInvoice (invoiceId, treatmentId) values (5, 9);
insert into TreatmentInvoice (invoiceId, treatmentId) values (6, 1);
insert into TreatmentInvoice (invoiceId, treatmentId) values (7, 3);
insert into TreatmentInvoice (invoiceId, treatmentId) values (8, 2);
insert into TreatmentInvoice (invoiceId, treatmentId) values (9, 1);
insert into TreatmentInvoice (invoiceId, treatmentId) values (10, 1);
insert into TreatmentInvoice (invoiceId, treatmentId) values (11, 2);
insert into TreatmentInvoice (invoiceId, treatmentId) values (12, 10);
insert into TreatmentInvoice (invoiceId, treatmentId) values (13, 10);
insert into TreatmentInvoice (invoiceId, treatmentId) values (14, 8);
insert into TreatmentInvoice (invoiceId, treatmentId) values (15, 8);
insert into TreatmentInvoice (invoiceId, treatmentId) values (16, 9);
insert into TreatmentInvoice (invoiceId, treatmentId) values (17, 3);
insert into TreatmentInvoice (invoiceId, treatmentId) values (18, 10);
insert into TreatmentInvoice (invoiceId, treatmentId) values (19, 7);
insert into TreatmentInvoice (invoiceId, treatmentId) values (20, 3);
insert into TreatmentInvoice (invoiceId, treatmentId) values (21, 9);
insert into TreatmentInvoice (invoiceId, treatmentId) values (22, 8);
insert into TreatmentInvoice (invoiceId, treatmentId) values (23, 1);
insert into TreatmentInvoice (invoiceId, treatmentId) values (24, 5);
insert into TreatmentInvoice (invoiceId, treatmentId) values (25, 7);
insert into TreatmentInvoice (invoiceId, treatmentId) values (26, 10);
insert into TreatmentInvoice (invoiceId, treatmentId) values (27, 8);
insert into TreatmentInvoice (invoiceId, treatmentId) values (28, 6);
insert into TreatmentInvoice (invoiceId, treatmentId) values (29, 2);
insert into TreatmentInvoice (invoiceId, treatmentId) values (30, 5);
insert into TreatmentInvoice (invoiceId, treatmentId) values (31, 9);
insert into TreatmentInvoice (invoiceId, treatmentId) values (32, 3);
insert into TreatmentInvoice (invoiceId, treatmentId) values (33, 6);
insert into TreatmentInvoice (invoiceId, treatmentId) values (34, 3);
insert into TreatmentInvoice (invoiceId, treatmentId) values (35, 1);
insert into TreatmentInvoice (invoiceId, treatmentId) values (36, 6);
insert into TreatmentInvoice (invoiceId, treatmentId) values (37, 8);
insert into TreatmentInvoice (invoiceId, treatmentId) values (38, 10);
insert into TreatmentInvoice (invoiceId, treatmentId) values (39, 10);
insert into TreatmentInvoice (invoiceId, treatmentId) values (40, 4);
insert into TreatmentInvoice (invoiceId, treatmentId) values (41, 9);
insert into TreatmentInvoice (invoiceId, treatmentId) values (42, 4);
insert into TreatmentInvoice (invoiceId, treatmentId) values (43, 5);
insert into TreatmentInvoice (invoiceId, treatmentId) values (44, 2);
insert into TreatmentInvoice (invoiceId, treatmentId) values (45, 8);
insert into TreatmentInvoice (invoiceId, treatmentId) values (46, 10);
insert into TreatmentInvoice (invoiceId, treatmentId) values (47, 1);
insert into TreatmentInvoice (invoiceId, treatmentId) values (48, 9);
insert into TreatmentInvoice (invoiceId, treatmentId) values (49, 1);
insert into TreatmentInvoice (invoiceId, treatmentId) values (50, 10);
insert into TreatmentInvoice (invoiceId, treatmentId) values (51, 10);
insert into TreatmentInvoice (invoiceId, treatmentId) values (52, 1);
insert into TreatmentInvoice (invoiceId, treatmentId) values (53, 4);
insert into TreatmentInvoice (invoiceId, treatmentId) values (54, 2);
insert into TreatmentInvoice (invoiceId, treatmentId) values (55, 2);
insert into TreatmentInvoice (invoiceId, treatmentId) values (56, 7);
insert into TreatmentInvoice (invoiceId, treatmentId) values (57, 6);
insert into TreatmentInvoice (invoiceId, treatmentId) values (58, 3);
insert into TreatmentInvoice (invoiceId, treatmentId) values (59, 9);
insert into TreatmentInvoice (invoiceId, treatmentId) values (60, 4);
insert into TreatmentInvoice (invoiceId, treatmentId) values (61, 5);
insert into TreatmentInvoice (invoiceId, treatmentId) values (62, 1);
insert into TreatmentInvoice (invoiceId, treatmentId) values (63, 10);
insert into TreatmentInvoice (invoiceId, treatmentId) values (64, 10);
insert into TreatmentInvoice (invoiceId, treatmentId) values (65, 10);
insert into TreatmentInvoice (invoiceId, treatmentId) values (66, 3);
insert into TreatmentInvoice (invoiceId, treatmentId) values (67, 8);
insert into TreatmentInvoice (invoiceId, treatmentId) values (68, 7);
insert into TreatmentInvoice (invoiceId, treatmentId) values (69, 2);
insert into TreatmentInvoice (invoiceId, treatmentId) values (70, 8);
insert into TreatmentInvoice (invoiceId, treatmentId) values (58, 9);
insert into TreatmentInvoice (invoiceId, treatmentId) values (65, 5);
insert into TreatmentInvoice (invoiceId, treatmentId) values (40, 8);
insert into TreatmentInvoice (invoiceId, treatmentId) values (49, 9);
insert into TreatmentInvoice (invoiceId, treatmentId) values (33, 1);
insert into TreatmentInvoice (invoiceId, treatmentId) values (55, 10);
insert into TreatmentInvoice (invoiceId, treatmentId) values (11, 3);
insert into TreatmentInvoice (invoiceId, treatmentId) values (47, 10);
insert into TreatmentInvoice (invoiceId, treatmentId) values (70, 3);
insert into TreatmentInvoice (invoiceId, treatmentId) values (3, 10);
insert into TreatmentInvoice (invoiceId, treatmentId) values (52, 6);
insert into TreatmentInvoice (invoiceId, treatmentId) values (55, 4);
insert into TreatmentInvoice (invoiceId, treatmentId) values (10, 2);
insert into TreatmentInvoice (invoiceId, treatmentId) values (16, 3);
insert into TreatmentInvoice (invoiceId, treatmentId) values (33, 2);
insert into TreatmentInvoice (invoiceId, treatmentId) values (41, 4);
insert into TreatmentInvoice (invoiceId, treatmentId) values (5, 7);
insert into TreatmentInvoice (invoiceId, treatmentId) values (43, 3);
insert into TreatmentInvoice (invoiceId, treatmentId) values (57, 5);
insert into TreatmentInvoice (invoiceId, treatmentId) values (25, 9);
insert into TreatmentInvoice (invoiceId, treatmentId) values (26, 9);
insert into TreatmentInvoice (invoiceId, treatmentId) values (45, 10);
insert into TreatmentInvoice (invoiceId, treatmentId) values (27, 5);
insert into TreatmentInvoice (invoiceId, treatmentId) values (1, 10);
insert into TreatmentInvoice (invoiceId, treatmentId) values (15, 10);
insert into TreatmentInvoice (invoiceId, treatmentId) values (52, 9);
insert into TreatmentInvoice (invoiceId, treatmentId) values (31, 2);
insert into TreatmentInvoice (invoiceId, treatmentId) values (68, 9);
insert into TreatmentInvoice (invoiceId, treatmentId) values (49, 2);
insert into TreatmentInvoice (invoiceId, treatmentId) values (34, 5);
