-- Insert statments for Customers table (30)
insert into Customers (ic, name, phoneNo, email, area) values ('950522074039', 'Sig', '0193279443', 'smarkie0@gmail.com', 'Bayan Lepas');
insert into Customers (ic, name, phoneNo, email, area) values ('240716079819', 'Cobby', '0183051699', 'ctavernor1@gmail.com', 'Georgetown');
insert into Customers (ic, name, phoneNo, email, area) values ('000228076652', 'Hester', '0159084870', 'hbyrde2@gmail.com', 'Tanjung Bungah');
insert into Customers (ic, name, phoneNo, email, area) values ('830218071512', 'Kerrin', '0195370699', 'kspillard3@gmail.com', 'Sungai Ara');
insert into Customers (ic, name, phoneNo, email, area) values ('840519074341', 'Haleigh', '0160163758', 'handryunin4@gmail.com', 'Jelutong');
insert into Customers (ic, name, phoneNo, email, area) values ('830524078461', 'Kerri', '0184983038', 'kwey5@gmail.com', 'Bukit Jambul');
insert into Customers (ic, name, phoneNo, email, area) values ('920212073946', 'Mellisa', '0193716212', 'mwyse6@gmail.com', 'Batu Ferringhi');
insert into Customers (ic, name, phoneNo, email, area) values ('990428073612', 'Brucie', '0156341833', 'blancley7@gmail.com', 'Georgetown');
insert into Customers (ic, name, phoneNo, email, area) values ('020912076277', 'Lulita', '0197017364', 'lpulfer8@gmail.com', 'Gelugor');
insert into Customers (ic, name, phoneNo, email, area) values ('850213074161', 'Gael', '0121144352', 'gcayton9@gmail.com', 'Tanjung Bungah');
insert into Customers (ic, name, phoneNo, email, area) values ('890127075329', 'Bent', '0104587666', 'blecontea@gmail.com', 'Bayan Lepas');
insert into Customers (ic, name, phoneNo, email, area) values ('970720075289', 'Nanine', '0115397314', 'nkorneichikb@gmail.com', 'Batu Ferringhi');
insert into Customers (ic, name, phoneNo, email, area) values ('850518071337', 'Janice', '0168886098', 'jgamellc@gmail.com', 'Greenlane');
insert into Customers (ic, name, phoneNo, email, area) values ('970812075558', 'Armando', '0116756621', 'anuschked@gmail.com', 'Greenlane');
insert into Customers (ic, name, phoneNo, email, area) values ('940615074971', 'Harcourt', '0155445369', 'hkimbline@gmail.com', 'Sungai Ara');
insert into Customers (ic, name, phoneNo, email, area) values ('840719075549', 'Newton', '0164342762', 'nlangthornef@gmail.com', 'Tanjung Bungah');
insert into Customers (ic, name, phoneNo, email, area) values ('960527074070', 'Ronnie', '0159579826', 'rbeamesg@gmail.com', 'Georgetown');
insert into Customers (ic, name, phoneNo, email, area) values ('810113076478', 'Barby', '0198343227', 'bzamorah@gmail.com', 'Bayan Lepas');
insert into Customers (ic, name, phoneNo, email, area) values ('950814076667', 'Fredericka', '0190576936', 'fpiotrkowskii@gmail.com', 'Gelugor');
insert into Customers (ic, name, phoneNo, email, area) values ('860012078403', 'Ernesto', '0118380532', 'emayberyj@gmail.com', 'Bukit Jambul');
insert into Customers (ic, name, phoneNo, email, area) values ('980610076068', 'Hamish', '0183569992', 'hjoutapaviciusk@gmail.com', 'Jelutong');
insert into Customers (ic, name, phoneNo, email, area) values ('920927070395', 'Emlynn', '0135968095', 'erosebladel@gmail.com', 'Greenlane');
insert into Customers (ic, name, phoneNo, email, area) values ('740912072745', 'Andrej', '0140436414', 'avasilyevm@gmail.com', 'Bayan Lepas');
insert into Customers (ic, name, phoneNo, email, area) values ('990102078587', 'Rona', '0113501499', 'ralberyn@gmail.com', 'Tanjung Bungah');
insert into Customers (ic, name, phoneNo, email, area) values ('980613070295', 'Augustus', '0159084020', 'aanderseno@gmail.com', 'Georgetown');
insert into Customers (ic, name, phoneNo, email, area) values ('910702079748', 'Estelle', '0189004482', 'estearndalep@gmail.com', 'Bayan Lepas');
insert into Customers (ic, name, phoneNo, email, area) values ('820411074708', 'Sidney', '0171807115', 'smyattq@gmail.com', 'Tanjung Bungah');
insert into Customers (ic, name, phoneNo, email, area) values ('990911070447', 'Jobi', '0166936769', 'jstruthersr@gmail.com', 'Bayan Lepas');
insert into Customers (ic, name, phoneNo, email, area) values ('730107072489', 'Sarina', '0153394060', 'sprices@gmail.com', 'Sungai Ara');
insert into Customers (ic, name, phoneNo, email, area) values ('940211076788', 'Windham', '0196379047', 'wpitthamt@gmail.com', 'Bayan Lepas');

-- Insert statements for Pets table (50)
insert into Pets (id, name, age, gender, breed, color, type, ownerIc) values (1, 'Winfred', 2, 'F', 'Persian', 'Red', 'Cat', '950522074039');
insert into Pets (id, name, age, gender, breed, color, type, ownerIc) values (2, 'Kalie', 3, 'M', 'Chinese', 'Goldenrod', 'Hamster', '240716079819');
insert into Pets (id, name, age, gender, breed, color, type, ownerIc) values (3, 'Ray', 8, 'F', 'Persian', 'Fuscia', 'Cat', '000228076652');
insert into Pets (id, name, age, gender, breed, color, type, ownerIc) values (4, 'Elbertina', 11, 'F', 'Holland Lop', 'Purple', 'Rabbit', '830218071512');
insert into Pets (id, name, age, gender, breed, color, type, ownerIc) values (5, 'Pablo', 6, 'F', 'Bulldog', 'Turquoise', 'Dog', '840519074341');
insert into Pets (id, name, age, gender, breed, color, type, ownerIc) values (6, 'Olive', 8, 'F', 'Bulldog', 'Pink', 'Dog', '830524078461');
insert into Pets (id, name, age, gender, breed, color, type, ownerIc) values (7, 'Thea', 4, 'M', 'Persian', 'Mauv', 'Cat', '920212073946');
insert into Pets (id, name, age, gender, breed, color, type, ownerIc) values (8, 'Ursa', 1, 'M', 'Cockatiel', 'Pink', 'Bird', '990428073612');
insert into Pets (id, name, age, gender, breed, color, type, ownerIc) values (9, 'Andrea', 9, 'F', 'Holland Lop', 'Fuscia', 'Rabbit', '020912076277');
insert into Pets (id, name, age, gender, breed, color, type, ownerIc) values (10, 'Sherri', 10, 'F', 'Bulldog', 'Turquoise', 'Dog', '850213074161');
insert into Pets (id, name, age, gender, breed, color, type, ownerIc) values (11, 'Elfie', 8, 'F', 'Cockatiel', 'Teal', 'Bird', '890127075329');
insert into Pets (id, name, age, gender, breed, color, type, ownerIc) values (12, 'Cassy', 5, 'F', 'Cockatiel', 'Pink', 'Bird', '970720075289');
insert into Pets (id, name, age, gender, breed, color, type, ownerIc) values (13, 'Duffy', 3, 'M', 'Holland Lop', 'Khaki', 'Rabbit', '850518071337');
insert into Pets (id, name, age, gender, breed, color, type, ownerIc) values (14, 'Kerby', 8, 'M', 'Canary Bird', 'Khaki', 'Bird', '970812075558');
insert into Pets (id, name, age, gender, breed, color, type, ownerIc) values (15, 'Hadleigh', 9, 'F', 'Canary Bird', 'Orange', 'Bird', '940615074971');
insert into Pets (id, name, age, gender, breed, color, type, ownerIc) values (16, 'Rollins', 8, 'M', 'Persian', 'Orange', 'Cat', '840719075549');
insert into Pets (id, name, age, gender, breed, color, type, ownerIc) values (17, 'Chantal', 2, 'F', 'Holland Lop', 'Khaki', 'Rabbit', '960527074070');
insert into Pets (id, name, age, gender, breed, color, type, ownerIc) values (18, 'Silvana', 3, 'M', 'Mini Lop', 'Violet', 'Rabbit', '810113076478');
insert into Pets (id, name, age, gender, breed, color, type, ownerIc) values (19, 'Rhonda', 3, 'M', 'Persian', 'Green', 'Cat', '950814076667');
insert into Pets (id, name, age, gender, breed, color, type, ownerIc) values (20, 'Kissiah', 3, 'M', 'Chinese', 'Aquamarine', 'Hamster', '860012078403');
insert into Pets (id, name, age, gender, breed, color, type, ownerIc) values (21, 'Nissie', 2, 'M', 'Poodle', 'Pink', 'Dog', '980610076068');
insert into Pets (id, name, age, gender, breed, color, type, ownerIc) values (22, 'Roxanne', 5, 'M', 'Mini Lop', 'Purple', 'Rabbit', '920927070395');
insert into Pets (id, name, age, gender, breed, color, type, ownerIc) values (23, 'Hali', 3, 'M', 'Mini Lop', 'Green', 'Rabbit', '740912072745');
insert into Pets (id, name, age, gender, breed, color, type, ownerIc) values (24, 'Sibilla', 7, 'F', 'Chinese', 'Blue', 'Hamster', '990102078587');
insert into Pets (id, name, age, gender, breed, color, type, ownerIc) values (25, 'Lilith', 2, 'M', 'British Shorthair', 'Yellow', 'Cat', '980613070295');
insert into Pets (id, name, age, gender, breed, color, type, ownerIc) values (26, 'Roxanne', 6, 'M', 'Chinese', 'Puce', 'Hamster', '910702079748');
insert into Pets (id, name, age, gender, breed, color, type, ownerIc) values (27, 'Dorie', 7, 'F', 'British Shorthair', 'Aquamarine', 'Cat', '820411074708');
insert into Pets (id, name, age, gender, breed, color, type, ownerIc) values (28, 'Jacklin', 5, 'M', 'British Shorthair', 'Maroon', 'Cat', '990911070447');
insert into Pets (id, name, age, gender, breed, color, type, ownerIc) values (29, 'Janetta', 4, 'F', 'Canary Bird', 'Aquamarine', 'Bird', '730107072489');
insert into Pets (id, name, age, gender, breed, color, type, ownerIc) values (30, 'Alejandro', 10, 'F', 'Syrian', 'Crimson', 'Hamster', '940211076788');
insert into Pets (id, name, age, gender, breed, color, type, ownerIc) values (31, 'Ailina', 11, 'M', 'French Lop', 'Red', 'Rabbit', '920212073946');
insert into Pets (id, name, age, gender, breed, color, type, ownerIc) values (32, 'Brannon', 9, 'F', 'Poodle', 'Pink', 'Dog', '940615074971');
insert into Pets (id, name, age, gender, breed, color, type, ownerIc) values (33, 'Nikki', 6, 'F', 'French Lop', 'Maroon', 'Rabbit', '810113076478');
insert into Pets (id, name, age, gender, breed, color, type, ownerIc) values (34, 'Camila', 11, 'M', 'British Shorthair', 'Mauv', 'Cat', '830524078461');
insert into Pets (id, name, age, gender, breed, color, type, ownerIc) values (35, 'Gil', 4, 'F', 'Syrian', 'Puce', 'Hamster', '990911070447');
insert into Pets (id, name, age, gender, breed, color, type, ownerIc) values (36, 'George', 6, 'F', 'British Shorthair', 'Yellow', 'Cat', '920927070395');
insert into Pets (id, name, age, gender, breed, color, type, ownerIc) values (37, 'Lari', 7, 'M', 'Dwarf Winter White', 'Purple', 'Hamster', '850213074161');
insert into Pets (id, name, age, gender, breed, color, type, ownerIc) values (38, 'Lory', 6, 'M', 'Lovebird', 'Khaki', 'Bird', '920927070395');
insert into Pets (id, name, age, gender, breed, color, type, ownerIc) values (39, 'Nels', 8, 'F', 'British Shorthair', 'Orange', 'Cat', '840519074341');
insert into Pets (id, name, age, gender, breed, color, type, ownerIc) values (40, 'Sondra', 5, 'M', 'Siamese', 'Goldenrod', 'Cat', '950522074039');
insert into Pets (id, name, age, gender, breed, color, type, ownerIc) values (41, 'Kim', 8, 'M', 'French Lop', 'Orange', 'Rabbit', '910702079748');
insert into Pets (id, name, age, gender, breed, color, type, ownerIc) values (42, 'Mamie', 5, 'M', 'French Lop', 'Crimson', 'Rabbit', '920212073946');
insert into Pets (id, name, age, gender, breed, color, type, ownerIc) values (43, 'Currey', 7, 'M', 'German Shepherd', 'Teal', 'Dog', '920212073946');
insert into Pets (id, name, age, gender, breed, color, type, ownerIc) values (44, 'Emmalee', 9, 'F', 'German Shepherd', 'Violet', 'Dog', '730107072489');
insert into Pets (id, name, age, gender, breed, color, type, ownerIc) values (45, 'Gill', 8, 'M', 'Siamese', 'Turquoise', 'Cat', '920927070395');
insert into Pets (id, name, age, gender, breed, color, type, ownerIc) values (46, 'Calhoun', 6, 'M', 'Dwarf Winter White', 'Maroon', 'Hamster', '980610076068');
insert into Pets (id, name, age, gender, breed, color, type, ownerIc) values (47, 'Marty', 7, 'F', 'Lovebird', 'Indigo', 'Bird', '810113076478');
insert into Pets (id, name, age, gender, breed, color, type, ownerIc) values (48, 'Glory', 5, 'M', 'Dwarf Winter White', 'Green', 'Hamster', '850213074161');
insert into Pets (id, name, age, gender, breed, color, type, ownerIc) values (49, 'Carlina', 8, 'M', 'Dwarf Winter White', 'Blue', 'Hamster', '810113076478');
insert into Pets (id, name, age, gender, breed, color, type, ownerIc) values (50, 'Win', 2, 'F', 'German Shepherd', 'Teal', 'Dog', '950522074039');

-- Insert statements for Rooms table (10)
insert into Rooms (id, location, status) values ('A101', 'First Floor', 'Available');
insert into Rooms (id, location, status) values ('A102', 'First Floor', 'Available');
insert into Rooms (id, location, status) values ('A103', 'First Floor', 'Available');
insert into Rooms (id, location, status) values ('A104', 'First Floor', 'Available');
insert into Rooms (id, location, status) values ('A105', 'First Floor', 'Available');
insert into Rooms (id, location, status) values ('B101', 'Second Floor', 'Available');
insert into Rooms (id, location, status) values ('B102', 'Second Floor', 'Available');
insert into Rooms (id, location, status) values ('B103', 'Second Floor', 'Available');
insert into Rooms (id, location, status) values ('B104', 'Second Floor', 'Available');
insert into Rooms (id, location, status) values ('B105', 'Second Floor', 'Available');

-- Insert statements for Staffs table (20)
insert into Staffs (id, name, age, email, phoneNo, role, commission) values (1, 'Briana Thomason', 33, 'bthomason0@gmail.com', '01151125639', 'Veterinarian',0);
insert into Staffs (id, name, age, email, phoneNo, role, commission) values (2, 'Horacio Cosson', 34, 'hcosson1@gmail.com', '01956173275', 'Vet Technician',0);
insert into Staffs (id, name, age, email, phoneNo, role, commission) values (3, 'Bryna Phelipeau', 36, 'bphelipeau2@gmail.com', '01020104351', 'Veterinarian',0);
insert into Staffs (id, name, age, email, phoneNo, role, commission) values (4, 'Mead Spare', 21, 'mspare3@gmail.com', '01303938306', 'Care Assistant',0);
insert into Staffs (id, name, age, email, phoneNo, role, commission) values (5, 'Wolfy Bastian', 59, 'wbastian4@gmail.com', '01235091032', 'Vet Technician',0);
insert into Staffs (id, name, age, email, phoneNo, role, commission) values (6, 'Thorndike Gillingwater', 30, 'tgillingwater5@gmail.com', '01178967515', 'Vet Technician',0);
insert into Staffs (id, name, age, email, phoneNo, role, commission) values (7, 'Paule Hindrich', 23, 'phindrich6@gmail.com', '01198673233', 'Vet Assistant',0);
insert into Staffs (id, name, age, email, phoneNo, role, commission) values (8, 'Hulda Slamaker', 24, 'hslamaker7@gmail.com', '01397484928', 'Vet Assistant',0);
insert into Staffs (id, name, age, email, phoneNo, role, commission) values (9, 'Margaretta Woodsford', 24, 'mwoodsford8@gmail.com', '01090600898', 'Veterinarian',0);
insert into Staffs (id, name, age, email, phoneNo, role, commission) values (10, 'Foster Zimek', 55, 'fzimek9@gmail.com', '01884277922', 'Veterinarian',0);
insert into Staffs (id, name, age, email, phoneNo, role, commission) values (11, 'Robina Steenson', 39, 'rsteensona@gmail.com', '01968345080', 'Vet Technician',0);
insert into Staffs (id, name, age, email, phoneNo, role, commission) values (12, 'Sallie Showalter', 24, 'sshowalterb@gmail.com', '01177940143', 'Vet Technician',0);
insert into Staffs (id, name, age, email, phoneNo, role, commission) values (13, 'Arv Lemmon', 56, 'alemmonc@gmail.com', '01025917511', 'Care Assistant',0);
insert into Staffs (id, name, age, email, phoneNo, role, commission) values (14, 'Thornton Schapero', 21, 'tschaperod@gmail.com', '01864408741', 'Care Assistant',0);
insert into Staffs (id, name, age, email, phoneNo, role, commission) values (15, 'Humphrey Scotland', 59, 'hscotlande@gmail.com', '01548017296', 'Veterinarian',0);
insert into Staffs (id, name, age, email, phoneNo, role, commission) values (16, 'Forster Beckingham', 46, 'fbeckinghamf@gmail.com', '01553603684', 'Vet Assistant',0);
insert into Staffs (id, name, age, email, phoneNo, role, commission) values (17, 'Daune McTurley', 60, 'dmcturleyg@gmail.com', '01036850467', 'Vet Technician',0);
insert into Staffs (id, name, age, email, phoneNo, role, commission) values (18, 'Wilmette Clemmow', 51, 'wclemmowh@gmail.com', '01809028739', 'Vet Assistant',0);
insert into Staffs (id, name, age, email, phoneNo, role, commission) values (19, 'Tawnya Baynom', 28, 'tbaynomi@gmail.com', '01401202809', 'Vet Assistant',0);
insert into Staffs (id, name, age, email, phoneNo, role, commission) values (20, 'Trude Grgic', 58, 'tgrgicj@gmail.com', '01996815513', 'Veterinarian',0);

-- Insert statements for Appointments table (70)
insert into Appointments (id, createdAt, bookingDateTime, petId, roomId, staffId) values (1, TO_DATE('2022-10-26 11:41:23', 'yyyy-mm-dd hh24:mi:ss'), TO_DATE('2022-10-28 11:38:35', 'yyyy-mm-dd hh24:mi:ss'), 23, 'B101', 18);
insert into Appointments (id, createdAt, bookingDateTime, petId, roomId, staffId) values (2, TO_DATE('2022-09-20 12:01:57', 'yyyy-mm-dd hh24:mi:ss'), TO_DATE('2022-09-22 14:08:58', 'yyyy-mm-dd hh24:mi:ss'), 31, 'A105', 8);
insert into Appointments (id, createdAt, bookingDateTime, petId, roomId, staffId) values (3, TO_DATE('2022-09-18 14:02:34', 'yyyy-mm-dd hh24:mi:ss'), TO_DATE('2022-09-20 10:39:07', 'yyyy-mm-dd hh24:mi:ss'), 26, 'B103', 15);
insert into Appointments (id, createdAt, bookingDateTime, petId, roomId, staffId) values (4, TO_DATE('2022-10-19 14:13:41', 'yyyy-mm-dd hh24:mi:ss'), TO_DATE('2022-10-21 09:33:23', 'yyyy-mm-dd hh24:mi:ss'), 2, 'A102', 12);
insert into Appointments (id, createdAt, bookingDateTime, petId, roomId, staffId) values (5, TO_DATE('2022-10-25 09:00:57', 'yyyy-mm-dd hh24:mi:ss'), TO_DATE('2022-10-27 12:12:43', 'yyyy-mm-dd hh24:mi:ss'), 46, 'A101', 7);
insert into Appointments (id, createdAt, bookingDateTime, petId, roomId, staffId) values (6, TO_DATE('2022-09-02 15:03:49', 'yyyy-mm-dd hh24:mi:ss'), TO_DATE('2022-09-04 15:28:51', 'yyyy-mm-dd hh24:mi:ss'), 1, 'B102', 18);
insert into Appointments (id, createdAt, bookingDateTime, petId, roomId, staffId) values (7, TO_DATE('2022-10-08 11:11:05', 'yyyy-mm-dd hh24:mi:ss'), TO_DATE('2022-10-10 11:42:12', 'yyyy-mm-dd hh24:mi:ss'), 32, 'A101', 19);
insert into Appointments (id, createdAt, bookingDateTime, petId, roomId, staffId) values (8, TO_DATE('2022-09-16 14:20:11', 'yyyy-mm-dd hh24:mi:ss'), TO_DATE('2022-09-18 11:31:50', 'yyyy-mm-dd hh24:mi:ss'), 49, 'A101', 2);
insert into Appointments (id, createdAt, bookingDateTime, petId, roomId, staffId) values (9, TO_DATE('2022-10-26 09:26:05', 'yyyy-mm-dd hh24:mi:ss'), TO_DATE('2022-10-28 14:29:57', 'yyyy-mm-dd hh24:mi:ss'), 1, 'A105', 18);
insert into Appointments (id, createdAt, bookingDateTime, petId, roomId, staffId) values (10, TO_DATE('2022-09-08 11:14:25', 'yyyy-mm-dd hh24:mi:ss'), TO_DATE('2022-09-10 09:23:50', 'yyyy-mm-dd hh24:mi:ss'), 18, 'A101', 17);
insert into Appointments (id, createdAt, bookingDateTime, petId, roomId, staffId) values (11, TO_DATE('2022-10-16 09:53:24', 'yyyy-mm-dd hh24:mi:ss'), TO_DATE('2022-10-18 15:37:00', 'yyyy-mm-dd hh24:mi:ss'), 27, 'B101', 12);
insert into Appointments (id, createdAt, bookingDateTime, petId, roomId, staffId) values (12, TO_DATE('2022-09-19 14:10:59', 'yyyy-mm-dd hh24:mi:ss'), TO_DATE('2022-09-21 12:23:34', 'yyyy-mm-dd hh24:mi:ss'), 44, 'A102', 16);
insert into Appointments (id, createdAt, bookingDateTime, petId, roomId, staffId) values (13, TO_DATE('2022-10-26 14:08:37', 'yyyy-mm-dd hh24:mi:ss'), TO_DATE('2022-10-28 15:36:01', 'yyyy-mm-dd hh24:mi:ss'), 16, 'A102', 1);
insert into Appointments (id, createdAt, bookingDateTime, petId, roomId, staffId) values (14, TO_DATE('2022-10-26 14:45:11', 'yyyy-mm-dd hh24:mi:ss'), TO_DATE('2022-10-28 15:28:37', 'yyyy-mm-dd hh24:mi:ss'), 21, 'B103', 13);
insert into Appointments (id, createdAt, bookingDateTime, petId, roomId, staffId) values (15, TO_DATE('2022-10-25 14:27:12', 'yyyy-mm-dd hh24:mi:ss'), TO_DATE('2022-10-27 09:40:12', 'yyyy-mm-dd hh24:mi:ss'), 41, 'A103', 17);
insert into Appointments (id, createdAt, bookingDateTime, petId, roomId, staffId) values (16, TO_DATE('2022-10-29 15:55:28', 'yyyy-mm-dd hh24:mi:ss'), TO_DATE('2022-10-31 10:49:05', 'yyyy-mm-dd hh24:mi:ss'), 39, 'A103', 4);
insert into Appointments (id, createdAt, bookingDateTime, petId, roomId, staffId) values (17, TO_DATE('2022-10-21 13:48:48', 'yyyy-mm-dd hh24:mi:ss'), TO_DATE('2022-10-23 12:54:06', 'yyyy-mm-dd hh24:mi:ss'), 5, 'A101', 1);
insert into Appointments (id, createdAt, bookingDateTime, petId, roomId, staffId) values (18, TO_DATE('2022-10-05 16:09:49', 'yyyy-mm-dd hh24:mi:ss'), TO_DATE('2022-10-07 13:18:03', 'yyyy-mm-dd hh24:mi:ss'), 34, 'B105', 1);
insert into Appointments (id, createdAt, bookingDateTime, petId, roomId, staffId) values (19, TO_DATE('2022-09-03 13:36:03', 'yyyy-mm-dd hh24:mi:ss'), TO_DATE('2022-09-05 15:30:00', 'yyyy-mm-dd hh24:mi:ss'), 7, 'B103', 20);
insert into Appointments (id, createdAt, bookingDateTime, petId, roomId, staffId) values (20, TO_DATE('2022-09-04 09:51:40', 'yyyy-mm-dd hh24:mi:ss'), TO_DATE('2022-09-06 09:28:23', 'yyyy-mm-dd hh24:mi:ss'), 11, 'A103', 4);
insert into Appointments (id, createdAt, bookingDateTime, petId, roomId, staffId) values (21, TO_DATE('2022-10-06 10:26:59', 'yyyy-mm-dd hh24:mi:ss'), TO_DATE('2022-10-08 10:30:58', 'yyyy-mm-dd hh24:mi:ss'), 49, 'B104', 9);
insert into Appointments (id, createdAt, bookingDateTime, petId, roomId, staffId) values (22, TO_DATE('2022-09-04 11:59:35', 'yyyy-mm-dd hh24:mi:ss'), TO_DATE('2022-09-06 10:21:55', 'yyyy-mm-dd hh24:mi:ss'), 14, 'A103', 17);
insert into Appointments (id, createdAt, bookingDateTime, petId, roomId, staffId) values (23, TO_DATE('2022-09-25 10:14:26', 'yyyy-mm-dd hh24:mi:ss'), TO_DATE('2022-09-27 09:36:02', 'yyyy-mm-dd hh24:mi:ss'), 17, 'B101', 10);
insert into Appointments (id, createdAt, bookingDateTime, petId, roomId, staffId) values (24, TO_DATE('2022-09-20 16:30:00', 'yyyy-mm-dd hh24:mi:ss'), TO_DATE('2022-09-22 15:57:19', 'yyyy-mm-dd hh24:mi:ss'), 20, 'A105', 2);
insert into Appointments (id, createdAt, bookingDateTime, petId, roomId, staffId) values (25, TO_DATE('2022-10-30 11:05:11', 'yyyy-mm-dd hh24:mi:ss'), TO_DATE('2022-11-01 13:39:18', 'yyyy-mm-dd hh24:mi:ss'), 23, 'A102', 10);
insert into Appointments (id, createdAt, bookingDateTime, petId, roomId, staffId) values (26, TO_DATE('2022-09-06 13:26:51', 'yyyy-mm-dd hh24:mi:ss'), TO_DATE('2022-09-08 10:27:38', 'yyyy-mm-dd hh24:mi:ss'), 39, 'A103', 17);
insert into Appointments (id, createdAt, bookingDateTime, petId, roomId, staffId) values (27, TO_DATE('2022-10-02 13:29:58', 'yyyy-mm-dd hh24:mi:ss'), TO_DATE('2022-10-04 14:56:09', 'yyyy-mm-dd hh24:mi:ss'), 15, 'B103', 10);
insert into Appointments (id, createdAt, bookingDateTime, petId, roomId, staffId) values (28, TO_DATE('2022-09-19 11:58:49', 'yyyy-mm-dd hh24:mi:ss'), TO_DATE('2022-09-21 13:29:10', 'yyyy-mm-dd hh24:mi:ss'), 7, 'A102', 14);
insert into Appointments (id, createdAt, bookingDateTime, petId, roomId, staffId) values (29, TO_DATE('2022-09-13 11:24:27', 'yyyy-mm-dd hh24:mi:ss'), TO_DATE('2022-09-15 12:38:13', 'yyyy-mm-dd hh24:mi:ss'), 46, 'A104', 20);
insert into Appointments (id, createdAt, bookingDateTime, petId, roomId, staffId) values (30, TO_DATE('2022-10-26 10:10:05', 'yyyy-mm-dd hh24:mi:ss'), TO_DATE('2022-10-28 14:05:56', 'yyyy-mm-dd hh24:mi:ss'), 15, 'B105', 14);
insert into Appointments (id, createdAt, bookingDateTime, petId, roomId, staffId) values (31, TO_DATE('2022-10-29 14:54:41', 'yyyy-mm-dd hh24:mi:ss'), TO_DATE('2022-10-31 14:48:49', 'yyyy-mm-dd hh24:mi:ss'), 31, 'A103', 8);
insert into Appointments (id, createdAt, bookingDateTime, petId, roomId, staffId) values (32, TO_DATE('2022-10-07 15:25:42', 'yyyy-mm-dd hh24:mi:ss'), TO_DATE('2022-10-09 12:00:42', 'yyyy-mm-dd hh24:mi:ss'), 22, 'A105', 8);
insert into Appointments (id, createdAt, bookingDateTime, petId, roomId, staffId) values (33, TO_DATE('2022-09-12 11:26:14', 'yyyy-mm-dd hh24:mi:ss'), TO_DATE('2022-09-14 11:19:44', 'yyyy-mm-dd hh24:mi:ss'), 21, 'A104', 20);
insert into Appointments (id, createdAt, bookingDateTime, petId, roomId, staffId) values (34, TO_DATE('2022-09-09 12:57:17', 'yyyy-mm-dd hh24:mi:ss'), TO_DATE('2022-09-11 10:03:31', 'yyyy-mm-dd hh24:mi:ss'), 20, 'B102', 1);
insert into Appointments (id, createdAt, bookingDateTime, petId, roomId, staffId) values (35, TO_DATE('2022-09-03 13:32:22', 'yyyy-mm-dd hh24:mi:ss'), TO_DATE('2022-09-05 10:46:09', 'yyyy-mm-dd hh24:mi:ss'), 50, 'B101', 12);
insert into Appointments (id, createdAt, bookingDateTime, petId, roomId, staffId) values (36, TO_DATE('2022-09-27 15:09:34', 'yyyy-mm-dd hh24:mi:ss'), TO_DATE('2022-09-29 09:50:56', 'yyyy-mm-dd hh24:mi:ss'), 8, 'A101', 2);
insert into Appointments (id, createdAt, bookingDateTime, petId, roomId, staffId) values (37, TO_DATE('2022-10-14 10:57:01', 'yyyy-mm-dd hh24:mi:ss'), TO_DATE('2022-10-16 14:44:48', 'yyyy-mm-dd hh24:mi:ss'), 38, 'A101', 8);
insert into Appointments (id, createdAt, bookingDateTime, petId, roomId, staffId) values (38, TO_DATE('2022-09-17 10:46:06', 'yyyy-mm-dd hh24:mi:ss'), TO_DATE('2022-09-19 10:00:28', 'yyyy-mm-dd hh24:mi:ss'), 2, 'B105', 19);
insert into Appointments (id, createdAt, bookingDateTime, petId, roomId, staffId) values (39, TO_DATE('2022-10-24 10:14:21', 'yyyy-mm-dd hh24:mi:ss'), TO_DATE('2022-10-26 09:30:56', 'yyyy-mm-dd hh24:mi:ss'), 21, 'B104', 16);
insert into Appointments (id, createdAt, bookingDateTime, petId, roomId, staffId) values (40, TO_DATE('2022-10-30 09:00:35', 'yyyy-mm-dd hh24:mi:ss'), TO_DATE('2022-11-01 15:32:47', 'yyyy-mm-dd hh24:mi:ss'), 47, 'A104', 3);
insert into Appointments (id, createdAt, bookingDateTime, petId, roomId, staffId) values (41, TO_DATE('2022-09-28 13:09:34', 'yyyy-mm-dd hh24:mi:ss'), TO_DATE('2022-09-30 09:12:38', 'yyyy-mm-dd hh24:mi:ss'), 14, 'A102', 1);
insert into Appointments (id, createdAt, bookingDateTime, petId, roomId, staffId) values (42, TO_DATE('2022-09-05 09:23:52', 'yyyy-mm-dd hh24:mi:ss'), TO_DATE('2022-09-07 12:13:21', 'yyyy-mm-dd hh24:mi:ss'), 40, 'B102', 17);
insert into Appointments (id, createdAt, bookingDateTime, petId, roomId, staffId) values (43, TO_DATE('2022-10-13 14:23:07', 'yyyy-mm-dd hh24:mi:ss'), TO_DATE('2022-10-15 09:48:05', 'yyyy-mm-dd hh24:mi:ss'), 20, 'A102', 14);
insert into Appointments (id, createdAt, bookingDateTime, petId, roomId, staffId) values (44, TO_DATE('2022-10-17 10:55:43', 'yyyy-mm-dd hh24:mi:ss'), TO_DATE('2022-10-19 14:20:21', 'yyyy-mm-dd hh24:mi:ss'), 37, 'A105', 18);
insert into Appointments (id, createdAt, bookingDateTime, petId, roomId, staffId) values (45, TO_DATE('2022-10-28 14:21:27', 'yyyy-mm-dd hh24:mi:ss'), TO_DATE('2022-10-30 11:21:52', 'yyyy-mm-dd hh24:mi:ss'), 17, 'B101', 20);
insert into Appointments (id, createdAt, bookingDateTime, petId, roomId, staffId) values (46, TO_DATE('2022-10-28 13:35:46', 'yyyy-mm-dd hh24:mi:ss'), TO_DATE('2022-10-30 14:51:17', 'yyyy-mm-dd hh24:mi:ss'), 44, 'A105', 6);
insert into Appointments (id, createdAt, bookingDateTime, petId, roomId, staffId) values (47, TO_DATE('2022-09-19 11:22:38', 'yyyy-mm-dd hh24:mi:ss'), TO_DATE('2022-09-21 11:26:58', 'yyyy-mm-dd hh24:mi:ss'), 36, 'B102', 1);
insert into Appointments (id, createdAt, bookingDateTime, petId, roomId, staffId) values (48, TO_DATE('2022-09-07 13:49:44', 'yyyy-mm-dd hh24:mi:ss'), TO_DATE('2022-09-09 09:35:12', 'yyyy-mm-dd hh24:mi:ss'), 6, 'B105', 16);
insert into Appointments (id, createdAt, bookingDateTime, petId, roomId, staffId) values (49, TO_DATE('2022-10-01 13:03:53', 'yyyy-mm-dd hh24:mi:ss'), TO_DATE('2022-10-03 12:45:53', 'yyyy-mm-dd hh24:mi:ss'), 2, 'B101', 18);
insert into Appointments (id, createdAt, bookingDateTime, petId, roomId, staffId) values (50, TO_DATE('2022-09-21 16:52:14', 'yyyy-mm-dd hh24:mi:ss'), TO_DATE('2022-09-23 15:51:17', 'yyyy-mm-dd hh24:mi:ss'), 26, 'B105', 19);
insert into Appointments (id, createdAt, bookingDateTime, petId, roomId, staffId) values (51, TO_DATE('2022-09-24 12:27:08', 'yyyy-mm-dd hh24:mi:ss'), TO_DATE('2022-09-26 09:20:58', 'yyyy-mm-dd hh24:mi:ss'), 20, 'B101', 4);
insert into Appointments (id, createdAt, bookingDateTime, petId, roomId, staffId) values (52, TO_DATE('2022-10-05 11:55:32', 'yyyy-mm-dd hh24:mi:ss'), TO_DATE('2022-10-07 11:01:12', 'yyyy-mm-dd hh24:mi:ss'), 39, 'A102', 14);
insert into Appointments (id, createdAt, bookingDateTime, petId, roomId, staffId) values (53, TO_DATE('2022-09-30 13:34:11', 'yyyy-mm-dd hh24:mi:ss'), TO_DATE('2022-10-02 09:20:32', 'yyyy-mm-dd hh24:mi:ss'), 21, 'A103', 8);
insert into Appointments (id, createdAt, bookingDateTime, petId, roomId, staffId) values (54, TO_DATE('2022-10-11 13:07:02', 'yyyy-mm-dd hh24:mi:ss'), TO_DATE('2022-10-13 14:25:21', 'yyyy-mm-dd hh24:mi:ss'), 49, 'A102', 18);
insert into Appointments (id, createdAt, bookingDateTime, petId, roomId, staffId) values (55, TO_DATE('2022-09-29 10:09:59', 'yyyy-mm-dd hh24:mi:ss'), TO_DATE('2022-10-01 12:07:18', 'yyyy-mm-dd hh24:mi:ss'), 49, 'B105', 16);
insert into Appointments (id, createdAt, bookingDateTime, petId, roomId, staffId) values (56, TO_DATE('2022-10-29 15:13:54', 'yyyy-mm-dd hh24:mi:ss'), TO_DATE('2022-10-31 13:42:47', 'yyyy-mm-dd hh24:mi:ss'), 21, 'A104', 7);
insert into Appointments (id, createdAt, bookingDateTime, petId, roomId, staffId) values (57, TO_DATE('2022-09-26 12:50:00', 'yyyy-mm-dd hh24:mi:ss'), TO_DATE('2022-09-28 13:30:24', 'yyyy-mm-dd hh24:mi:ss'), 50, 'A103', 14);
insert into Appointments (id, createdAt, bookingDateTime, petId, roomId, staffId) values (58, TO_DATE('2022-09-02 12:13:13', 'yyyy-mm-dd hh24:mi:ss'), TO_DATE('2022-09-04 10:29:24', 'yyyy-mm-dd hh24:mi:ss'), 7, 'A104', 19);
insert into Appointments (id, createdAt, bookingDateTime, petId, roomId, staffId) values (59, TO_DATE('2022-10-04 10:25:50', 'yyyy-mm-dd hh24:mi:ss'), TO_DATE('2022-10-06 12:55:28', 'yyyy-mm-dd hh24:mi:ss'), 14, 'A102', 6);
insert into Appointments (id, createdAt, bookingDateTime, petId, roomId, staffId) values (60, TO_DATE('2022-09-15 11:58:53', 'yyyy-mm-dd hh24:mi:ss'), TO_DATE('2022-09-17 13:15:07', 'yyyy-mm-dd hh24:mi:ss'), 2, 'A101', 16);
insert into Appointments (id, createdAt, bookingDateTime, petId, roomId, staffId) values (61, TO_DATE('2022-09-18 12:00:29', 'yyyy-mm-dd hh24:mi:ss'), TO_DATE('2022-09-20 14:37:45', 'yyyy-mm-dd hh24:mi:ss'), 36, 'B104', 15);
insert into Appointments (id, createdAt, bookingDateTime, petId, roomId, staffId) values (62, TO_DATE('2022-09-23 12:22:52', 'yyyy-mm-dd hh24:mi:ss'), TO_DATE('2022-09-25 10:40:12', 'yyyy-mm-dd hh24:mi:ss'), 18, 'A101', 8);
insert into Appointments (id, createdAt, bookingDateTime, petId, roomId, staffId) values (63, TO_DATE('2022-09-02 14:05:15', 'yyyy-mm-dd hh24:mi:ss'), TO_DATE('2022-09-04 10:49:58', 'yyyy-mm-dd hh24:mi:ss'), 13, 'A101', 6);
insert into Appointments (id, createdAt, bookingDateTime, petId, roomId, staffId) values (64, TO_DATE('2022-10-27 15:54:30', 'yyyy-mm-dd hh24:mi:ss'), TO_DATE('2022-10-29 14:24:52', 'yyyy-mm-dd hh24:mi:ss'), 50, 'A103', 4);
insert into Appointments (id, createdAt, bookingDateTime, petId, roomId, staffId) values (65, TO_DATE('2022-10-11 13:17:04', 'yyyy-mm-dd hh24:mi:ss'), TO_DATE('2022-10-13 09:34:32', 'yyyy-mm-dd hh24:mi:ss'), 36, 'A102', 4);
insert into Appointments (id, createdAt, bookingDateTime, petId, roomId, staffId) values (66, TO_DATE('2022-09-29 11:52:23', 'yyyy-mm-dd hh24:mi:ss'), TO_DATE('2022-10-01 15:07:36', 'yyyy-mm-dd hh24:mi:ss'), 5, 'A105', 6);
insert into Appointments (id, createdAt, bookingDateTime, petId, roomId, staffId) values (67, TO_DATE('2022-10-16 13:38:19', 'yyyy-mm-dd hh24:mi:ss'), TO_DATE('2022-10-18 13:31:31', 'yyyy-mm-dd hh24:mi:ss'), 43, 'A104', 4);
insert into Appointments (id, createdAt, bookingDateTime, petId, roomId, staffId) values (68, TO_DATE('2022-09-30 15:46:41', 'yyyy-mm-dd hh24:mi:ss'), TO_DATE('2022-10-02 12:56:55', 'yyyy-mm-dd hh24:mi:ss'), 2, 'B101', 3);
insert into Appointments (id, createdAt, bookingDateTime, petId, roomId, staffId) values (69, TO_DATE('2022-10-07 10:42:27', 'yyyy-mm-dd hh24:mi:ss'), TO_DATE('2022-10-09 09:56:10', 'yyyy-mm-dd hh24:mi:ss'), 18, 'A104', 9);
insert into Appointments (id, createdAt, bookingDateTime, petId, roomId, staffId) values (70, TO_DATE('2022-09-29 11:09:39', 'yyyy-mm-dd hh24:mi:ss'), TO_DATE('2022-10-01 15:12:41', 'yyyy-mm-dd hh24:mi:ss'), 22, 'A105', 10);

-- Insert statements for Invoices table (70)
insert into Invoices (appointmentId, totalPrice, paidDateTime) values (1, 1564.80, TO_DATE('2022-10-28 12:38:35', 'yyyy-mm-dd hh24:mi:ss'));
insert into Invoices (appointmentId, totalPrice, paidDateTime) values (2, 567.60, TO_DATE('2022-09-22 15:08:58', 'yyyy-mm-dd hh24:mi:ss'));
insert into Invoices (appointmentId, totalPrice, paidDateTime) values (3, 1140.50, TO_DATE('2022-09-20 11:39:07', 'yyyy-mm-dd hh24:mi:ss'));
insert into Invoices (appointmentId, totalPrice, paidDateTime) values (4, 431.90, TO_DATE('2022-10-21 10:33:23', 'yyyy-mm-dd hh24:mi:ss'));
insert into Invoices (appointmentId, totalPrice, paidDateTime) values (5, 1546.00, TO_DATE('2022-10-27 13:12:43', 'yyyy-mm-dd hh24:mi:ss'));
insert into Invoices (appointmentId, totalPrice, paidDateTime) values (6, 742.70, TO_DATE('2022-09-04 16:28:51', 'yyyy-mm-dd hh24:mi:ss'));
insert into Invoices (appointmentId, totalPrice, paidDateTime) values (7, 492.00, TO_DATE('2022-10-10 12:42:12', 'yyyy-mm-dd hh24:mi:ss'));
insert into Invoices (appointmentId, totalPrice, paidDateTime) values (8, 392.80, TO_DATE('2022-09-18 12:31:50', 'yyyy-mm-dd hh24:mi:ss'));
insert into Invoices (appointmentId, totalPrice, paidDateTime) values (9, 712.50, TO_DATE('2022-10-28 15:29:57', 'yyyy-mm-dd hh24:mi:ss'));
insert into Invoices (appointmentId, totalPrice, paidDateTime) values (10, 1131.00, TO_DATE('2022-09-10 10:23:50', 'yyyy-mm-dd hh24:mi:ss'));
insert into Invoices (appointmentId, totalPrice, paidDateTime) values (11, 752.00, TO_DATE('2022-10-18 16:37:00', 'yyyy-mm-dd hh24:mi:ss'));
insert into Invoices (appointmentId, totalPrice, paidDateTime) values (12, 663.60, TO_DATE('2022-09-21 13:23:34', 'yyyy-mm-dd hh24:mi:ss'));
insert into Invoices (appointmentId, totalPrice, paidDateTime) values (13, 591.50, TO_DATE('2022-10-28 16:36:01', 'yyyy-mm-dd hh24:mi:ss'));
insert into Invoices (appointmentId, totalPrice, paidDateTime) values (14, 1012.80, TO_DATE('2022-10-28 16:28:37', 'yyyy-mm-dd hh24:mi:ss'));
insert into Invoices (appointmentId, totalPrice, paidDateTime) values (15, 1566.00, TO_DATE('2022-10-27 10:40:12', 'yyyy-mm-dd hh24:mi:ss'));
insert into Invoices (appointmentId, totalPrice, paidDateTime) values (16, 1180.00, TO_DATE('2022-10-31 11:49:05', 'yyyy-mm-dd hh24:mi:ss'));
insert into Invoices (appointmentId, totalPrice, paidDateTime) values (17, 420.50, TO_DATE('2022-10-23 13:54:06', 'yyyy-mm-dd hh24:mi:ss'));
insert into Invoices (appointmentId, totalPrice, paidDateTime) values (18, 648.40, TO_DATE('2022-10-07 14:18:03', 'yyyy-mm-dd hh24:mi:ss'));
insert into Invoices (appointmentId, totalPrice, paidDateTime) values (19, 807.40, TO_DATE('2022-09-05 16:30:00', 'yyyy-mm-dd hh24:mi:ss'));
insert into Invoices (appointmentId, totalPrice, paidDateTime) values (20, 432.80, TO_DATE('2022-09-06 10:28:23', 'yyyy-mm-dd hh24:mi:ss'));
insert into Invoices (appointmentId, totalPrice, paidDateTime) values (21, 804.00, TO_DATE('2022-10-08 11:30:58', 'yyyy-mm-dd hh24:mi:ss'));
insert into Invoices (appointmentId, totalPrice, paidDateTime) values (22, 990.50, TO_DATE('2022-09-06 11:21:55', 'yyyy-mm-dd hh24:mi:ss'));
insert into Invoices (appointmentId, totalPrice, paidDateTime) values (23, 744.00, TO_DATE('2022-09-27 10:36:02', 'yyyy-mm-dd hh24:mi:ss'));
insert into Invoices (appointmentId, totalPrice, paidDateTime) values (24, 334.00, TO_DATE('2022-09-22 16:57:19', 'yyyy-mm-dd hh24:mi:ss'));
insert into Invoices (appointmentId, totalPrice, paidDateTime) values (25, 1475.00, TO_DATE('2022-11-01 14:39:18', 'yyyy-mm-dd hh24:mi:ss'));
insert into Invoices (appointmentId, totalPrice, paidDateTime) values (26, 1519.80, TO_DATE('2022-09-08 11:27:38', 'yyyy-mm-dd hh24:mi:ss'));
insert into Invoices (appointmentId, totalPrice, paidDateTime) values (27, 1230.50, TO_DATE('2022-10-04 15:56:09', 'yyyy-mm-dd hh24:mi:ss'));
insert into Invoices (appointmentId, totalPrice, paidDateTime) values (28, 578.00, TO_DATE('2022-09-21 14:29:10', 'yyyy-mm-dd hh24:mi:ss'));
insert into Invoices (appointmentId, totalPrice, paidDateTime) values (29, 388.40, TO_DATE('2022-09-15 13:38:13', 'yyyy-mm-dd hh24:mi:ss'));
insert into Invoices (appointmentId, totalPrice, paidDateTime) values (30, 290.40, TO_DATE('2022-10-28 15:05:56', 'yyyy-mm-dd hh24:mi:ss'));
insert into Invoices (appointmentId, totalPrice, paidDateTime) values (31, 1166.00, TO_DATE('2022-10-31 15:48:49', 'yyyy-mm-dd hh24:mi:ss'));
insert into Invoices (appointmentId, totalPrice, paidDateTime) values (32, 410.80, TO_DATE('2022-10-09 13:00:42', 'yyyy-mm-dd hh24:mi:ss'));
insert into Invoices (appointmentId, totalPrice, paidDateTime) values (33, 1598.00, TO_DATE('2022-09-14 12:19:44', 'yyyy-mm-dd hh24:mi:ss'));
insert into Invoices (appointmentId, totalPrice, paidDateTime) values (34, 700.00, TO_DATE('2022-09-11 11:03:31', 'yyyy-mm-dd hh24:mi:ss'));
insert into Invoices (appointmentId, totalPrice, paidDateTime) values (35, 781.00, TO_DATE('2022-09-05 11:46:09', 'yyyy-mm-dd hh24:mi:ss'));
insert into Invoices (appointmentId, totalPrice, paidDateTime) values (36, 578.80, TO_DATE('2022-09-29 10:50:56', 'yyyy-mm-dd hh24:mi:ss'));
insert into Invoices (appointmentId, totalPrice, paidDateTime) values (37, 1010.60, TO_DATE('2022-10-16 15:44:48', 'yyyy-mm-dd hh24:mi:ss'));
insert into Invoices (appointmentId, totalPrice, paidDateTime) values (38, 593.20, TO_DATE('2022-09-19 11:00:28', 'yyyy-mm-dd hh24:mi:ss'));
insert into Invoices (appointmentId, totalPrice, paidDateTime) values (39, 657.20, TO_DATE('2022-10-26 10:30:56', 'yyyy-mm-dd hh24:mi:ss'));
insert into Invoices (appointmentId, totalPrice, paidDateTime) values (40, 1441.00, TO_DATE('2022-11-01 16:32:47', 'yyyy-mm-dd hh24:mi:ss'));
insert into Invoices (appointmentId, totalPrice, paidDateTime) values (41, 1279.00, TO_DATE('2022-09-30 10:12:38', 'yyyy-mm-dd hh24:mi:ss'));
insert into Invoices (appointmentId, totalPrice, paidDateTime) values (42, 522.40, TO_DATE('2022-09-07 13:13:21', 'yyyy-mm-dd hh24:mi:ss'));
insert into Invoices (appointmentId, totalPrice, paidDateTime) values (43, 684.00, TO_DATE('2022-10-15 10:48:05', 'yyyy-mm-dd hh24:mi:ss'));
insert into Invoices (appointmentId, totalPrice, paidDateTime) values (44, 400.40, TO_DATE('2022-10-19 15:20:21', 'yyyy-mm-dd hh24:mi:ss'));
insert into Invoices (appointmentId, totalPrice, paidDateTime) values (45, 1730.40, TO_DATE('2022-10-30 12:21:52', 'yyyy-mm-dd hh24:mi:ss'));
insert into Invoices (appointmentId, totalPrice, paidDateTime) values (46, 620.40, TO_DATE('2022-10-30 15:51:17', 'yyyy-mm-dd hh24:mi:ss'));
insert into Invoices (appointmentId, totalPrice, paidDateTime) values (47, 1326.40, TO_DATE('2022-09-21 12:26:58', 'yyyy-mm-dd hh24:mi:ss'));
insert into Invoices (appointmentId, totalPrice, paidDateTime) values (48, 866.40, TO_DATE('2022-09-09 10:35:12', 'yyyy-mm-dd hh24:mi:ss'));
insert into Invoices (appointmentId, totalPrice, paidDateTime) values (49, 1850.60, TO_DATE('2022-10-03 13:45:53', 'yyyy-mm-dd hh24:mi:ss'));
insert into Invoices (appointmentId, totalPrice, paidDateTime) values (50, 622.60, TO_DATE('2022-09-23 16:51:17', 'yyyy-mm-dd hh24:mi:ss'));
insert into Invoices (appointmentId, totalPrice, paidDateTime) values (51, 616.70, TO_DATE('2022-09-26 10:20:58', 'yyyy-mm-dd hh24:mi:ss'));
insert into Invoices (appointmentId, totalPrice, paidDateTime) values (52, 2038.80, TO_DATE('2022-10-07 12:01:12', 'yyyy-mm-dd hh24:mi:ss'));
insert into Invoices (appointmentId, totalPrice, paidDateTime) values (53, 548.40, TO_DATE('2022-10-02 10:20:32', 'yyyy-mm-dd hh24:mi:ss'));
insert into Invoices (appointmentId, totalPrice, paidDateTime) values (54, 376.40, TO_DATE('2022-10-13 15:25:21', 'yyyy-mm-dd hh24:mi:ss'));
insert into Invoices (appointmentId, totalPrice, paidDateTime) values (55, 1475.50, TO_DATE('2022-10-01 13:07:18', 'yyyy-mm-dd hh24:mi:ss'));
insert into Invoices (appointmentId, totalPrice, paidDateTime) values (56, 876.70, TO_DATE('2022-10-31 14:42:47', 'yyyy-mm-dd hh24:mi:ss'));
insert into Invoices (appointmentId, totalPrice, paidDateTime) values (57, 848.40, TO_DATE('2022-09-28 14:30:24', 'yyyy-mm-dd hh24:mi:ss'));
insert into Invoices (appointmentId, totalPrice, paidDateTime) values (58, 1173.60, TO_DATE('2022-09-04 11:29:24', 'yyyy-mm-dd hh24:mi:ss'));
insert into Invoices (appointmentId, totalPrice, paidDateTime) values (59, 820.20, TO_DATE('2022-10-06 13:55:28', 'yyyy-mm-dd hh24:mi:ss'));
insert into Invoices (appointmentId, totalPrice, paidDateTime) values (60, 487.00, TO_DATE('2022-09-17 14:15:07', 'yyyy-mm-dd hh24:mi:ss'));
insert into Invoices (appointmentId, totalPrice, paidDateTime) values (61, 259.20, TO_DATE('2022-09-20 15:37:45', 'yyyy-mm-dd hh24:mi:ss'));
insert into Invoices (appointmentId, totalPrice, paidDateTime) values (62, 735.20, TO_DATE('2022-09-25 11:40:12', 'yyyy-mm-dd hh24:mi:ss'));
insert into Invoices (appointmentId, totalPrice, paidDateTime) values (63, 591.50, TO_DATE('2022-09-04 11:49:58', 'yyyy-mm-dd hh24:mi:ss'));
insert into Invoices (appointmentId, totalPrice, paidDateTime) values (64, 634.00, TO_DATE('2022-10-29 15:24:52', 'yyyy-mm-dd hh24:mi:ss'));
insert into Invoices (appointmentId, totalPrice, paidDateTime) values (65, 870.00, TO_DATE('2022-10-13 10:34:32', 'yyyy-mm-dd hh24:mi:ss'));
insert into Invoices (appointmentId, totalPrice, paidDateTime) values (66, 438.00, TO_DATE('2022-10-01 16:07:36', 'yyyy-mm-dd hh24:mi:ss'));
insert into Invoices (appointmentId, totalPrice, paidDateTime) values (67, 1012.00, TO_DATE('2022-10-18 14:31:31', 'yyyy-mm-dd hh24:mi:ss'));
insert into Invoices (appointmentId, totalPrice, paidDateTime) values (68, 1511.60, TO_DATE('2022-10-02 13:56:55', 'yyyy-mm-dd hh24:mi:ss'));
insert into Invoices (appointmentId, totalPrice, paidDateTime) values (69, 402.80, TO_DATE('2022-10-09 10:56:10', 'yyyy-mm-dd hh24:mi:ss'));
insert into Invoices (appointmentId, totalPrice, paidDateTime) values (70, 1373.60, TO_DATE('2022-10-01 16:12:41', 'yyyy-mm-dd hh24:mi:ss'));

-- Insert statements for Treatments table (10)
insert into Treatments (id, name, price, description) values (1, 'Anthelmintics', 700.00, 'To eliminate parasitic worms, which infest their systems and steal important nutrients');
insert into Treatments (id, name, price, description) values (2, 'Orthopaedic Surgery', 350.00, 'To perform dislocated kneecaps or osteoarthritis');
insert into Treatments (id, name, price, description) values (3, 'Central Nervous System Medications', 380.00, 'To help animals suffering from seizures or epilepsy');
insert into Treatments (id, name, price, description) values (4, 'Ear Surgery', 465.00, 'To help animals suffering from respiratory issues');
insert into Treatments (id, name, price, description) values (5, 'Spaying Or Neutering', 240.00, 'These treatment helps spaying or neutering the pet');
insert into Treatments (id, name, price, description) values (6, 'Kidney Medications', 530.00, 'These treatments can help slow or stop the progress of these disorders');
insert into Treatments (id, name, price, description) values (7, 'Dental Surgery', 690.00, 'Perform tooth extractions, tooth fillings or oral tumour removal');
insert into Treatments (id, name, price, description) values (8, 'Chemotherapy', 960.00, 'Help kill cancer cells');
insert into Treatments (id, name, price, description) values (9, 'Hormone Medications', 760.00, 'To assist animals with reproductive issues');
insert into Treatments (id, name, price, description) values (10, 'Cardiovascular Treatments', 574.00, 'To treat any conditions relating to the heart or blood vessels');

-- Insert statements for TreatmentInvoice table (100)
insert into TreatmentInvoice (invoiceId, treatmentId) values (1, 8);
insert into TreatmentInvoice (invoiceId, treatmentId) values (2, 6);
insert into TreatmentInvoice (invoiceId, treatmentId) values (3, 4);
insert into TreatmentInvoice (invoiceId, treatmentId) values (4, 2);
insert into TreatmentInvoice (invoiceId, treatmentId) values (5, 9);
insert into TreatmentInvoice (invoiceId, treatmentId) values (6, 1);
insert into TreatmentInvoice (invoiceId, treatmentId) values (7, 3);
insert into TreatmentInvoice (invoiceId, treatmentId) values (8, 2);
insert into TreatmentInvoice (invoiceId, treatmentId) values (9, 1);
insert into TreatmentInvoice (invoiceId, treatmentId) values (10, 1);
insert into TreatmentInvoice (invoiceId, treatmentId) values (11, 2);
insert into TreatmentInvoice (invoiceId, treatmentId) values (12, 10);
insert into TreatmentInvoice (invoiceId, treatmentId) values (13, 10);
insert into TreatmentInvoice (invoiceId, treatmentId) values (14, 8);
insert into TreatmentInvoice (invoiceId, treatmentId) values (15, 8);
insert into TreatmentInvoice (invoiceId, treatmentId) values (16, 9);
insert into TreatmentInvoice (invoiceId, treatmentId) values (17, 3);
insert into TreatmentInvoice (invoiceId, treatmentId) values (18, 10);
insert into TreatmentInvoice (invoiceId, treatmentId) values (19, 7);
insert into TreatmentInvoice (invoiceId, treatmentId) values (20, 3);
insert into TreatmentInvoice (invoiceId, treatmentId) values (21, 9);
insert into TreatmentInvoice (invoiceId, treatmentId) values (22, 8);
insert into TreatmentInvoice (invoiceId, treatmentId) values (23, 1);
insert into TreatmentInvoice (invoiceId, treatmentId) values (24, 5);
insert into TreatmentInvoice (invoiceId, treatmentId) values (25, 7);
insert into TreatmentInvoice (invoiceId, treatmentId) values (26, 10);
insert into TreatmentInvoice (invoiceId, treatmentId) values (27, 8);
insert into TreatmentInvoice (invoiceId, treatmentId) values (28, 6);
insert into TreatmentInvoice (invoiceId, treatmentId) values (29, 2);
insert into TreatmentInvoice (invoiceId, treatmentId) values (30, 5);
insert into TreatmentInvoice (invoiceId, treatmentId) values (31, 9);
insert into TreatmentInvoice (invoiceId, treatmentId) values (32, 3);
insert into TreatmentInvoice (invoiceId, treatmentId) values (33, 6);
insert into TreatmentInvoice (invoiceId, treatmentId) values (34, 3);
insert into TreatmentInvoice (invoiceId, treatmentId) values (35, 1);
insert into TreatmentInvoice (invoiceId, treatmentId) values (36, 6);
insert into TreatmentInvoice (invoiceId, treatmentId) values (37, 8);
insert into TreatmentInvoice (invoiceId, treatmentId) values (38, 10);
insert into TreatmentInvoice (invoiceId, treatmentId) values (39, 10);
insert into TreatmentInvoice (invoiceId, treatmentId) values (40, 4);
insert into TreatmentInvoice (invoiceId, treatmentId) values (41, 9);
insert into TreatmentInvoice (invoiceId, treatmentId) values (42, 4);
insert into TreatmentInvoice (invoiceId, treatmentId) values (43, 5);
insert into TreatmentInvoice (invoiceId, treatmentId) values (44, 2);
insert into TreatmentInvoice (invoiceId, treatmentId) values (45, 8);
insert into TreatmentInvoice (invoiceId, treatmentId) values (46, 10);
insert into TreatmentInvoice (invoiceId, treatmentId) values (47, 1);
insert into TreatmentInvoice (invoiceId, treatmentId) values (48, 9);
insert into TreatmentInvoice (invoiceId, treatmentId) values (49, 1);
insert into TreatmentInvoice (invoiceId, treatmentId) values (50, 10);
insert into TreatmentInvoice (invoiceId, treatmentId) values (51, 10);
insert into TreatmentInvoice (invoiceId, treatmentId) values (52, 1);
insert into TreatmentInvoice (invoiceId, treatmentId) values (53, 4);
insert into TreatmentInvoice (invoiceId, treatmentId) values (54, 2);
insert into TreatmentInvoice (invoiceId, treatmentId) values (55, 2);
insert into TreatmentInvoice (invoiceId, treatmentId) values (56, 7);
insert into TreatmentInvoice (invoiceId, treatmentId) values (57, 6);
insert into TreatmentInvoice (invoiceId, treatmentId) values (58, 3);
insert into TreatmentInvoice (invoiceId, treatmentId) values (59, 9);
insert into TreatmentInvoice (invoiceId, treatmentId) values (60, 4);
insert into TreatmentInvoice (invoiceId, treatmentId) values (61, 5);
insert into TreatmentInvoice (invoiceId, treatmentId) values (62, 1);
insert into TreatmentInvoice (invoiceId, treatmentId) values (63, 10);
insert into TreatmentInvoice (invoiceId, treatmentId) values (64, 10);
insert into TreatmentInvoice (invoiceId, treatmentId) values (65, 10);
insert into TreatmentInvoice (invoiceId, treatmentId) values (66, 3);
insert into TreatmentInvoice (invoiceId, treatmentId) values (67, 8);
insert into TreatmentInvoice (invoiceId, treatmentId) values (68, 7);
insert into TreatmentInvoice (invoiceId, treatmentId) values (69, 2);
insert into TreatmentInvoice (invoiceId, treatmentId) values (70, 8);
insert into TreatmentInvoice (invoiceId, treatmentId) values (58, 9);
insert into TreatmentInvoice (invoiceId, treatmentId) values (65, 5);
insert into TreatmentInvoice (invoiceId, treatmentId) values (40, 8);
insert into TreatmentInvoice (invoiceId, treatmentId) values (49, 9);
insert into TreatmentInvoice (invoiceId, treatmentId) values (33, 1);
insert into TreatmentInvoice (invoiceId, treatmentId) values (55, 10);
insert into TreatmentInvoice (invoiceId, treatmentId) values (11, 3);
insert into TreatmentInvoice (invoiceId, treatmentId) values (47, 10);
insert into TreatmentInvoice (invoiceId, treatmentId) values (70, 3);
insert into TreatmentInvoice (invoiceId, treatmentId) values (3, 10);
insert into TreatmentInvoice (invoiceId, treatmentId) values (52, 6);
insert into TreatmentInvoice (invoiceId, treatmentId) values (55, 4);
insert into TreatmentInvoice (invoiceId, treatmentId) values (10, 2);
insert into TreatmentInvoice (invoiceId, treatmentId) values (16, 3);
insert into TreatmentInvoice (invoiceId, treatmentId) values (33, 2);
insert into TreatmentInvoice (invoiceId, treatmentId) values (41, 4);
insert into TreatmentInvoice (invoiceId, treatmentId) values (5, 7);
insert into TreatmentInvoice (invoiceId, treatmentId) values (43, 3);
insert into TreatmentInvoice (invoiceId, treatmentId) values (57, 5);
insert into TreatmentInvoice (invoiceId, treatmentId) values (25, 9);
insert into TreatmentInvoice (invoiceId, treatmentId) values (26, 9);
insert into TreatmentInvoice (invoiceId, treatmentId) values (45, 10);
insert into TreatmentInvoice (invoiceId, treatmentId) values (27, 5);
insert into TreatmentInvoice (invoiceId, treatmentId) values (1, 10);
insert into TreatmentInvoice (invoiceId, treatmentId) values (15, 10);
insert into TreatmentInvoice (invoiceId, treatmentId) values (52, 9);
insert into TreatmentInvoice (invoiceId, treatmentId) values (31, 2);
insert into TreatmentInvoice (invoiceId, treatmentId) values (68, 9);
insert into TreatmentInvoice (invoiceId, treatmentId) values (49, 2);
insert into TreatmentInvoice (invoiceId, treatmentId) values (34, 5);

-- Insert statements for Suppliers table (10)
insert into Suppliers (id, name, phoneNo, email) values (1, 'Kimia', '0195827325', 'jkarpenya0@gmail.com');
insert into Suppliers (id, name, phoneNo, email) values (2, 'Camido', '0171783412', 'mclaessens1@gmail.com');
insert into Suppliers (id, name, phoneNo, email) values (3, 'Linktype', '0163584486', 'tbamell2@gmail.com');
insert into Suppliers (id, name, phoneNo, email) values (4, 'Trudeo', '0179274679', 'vbolle3@gmail.com');
insert into Suppliers (id, name, phoneNo, email) values (5, 'Zoomcast', '0162866773', 'awolfindale4@gmail.com');
insert into Suppliers (id, name, phoneNo, email) values (6, 'Jabberbean', '0160453456', 'ostormouth5@gmail.com');
insert into Suppliers (id, name, phoneNo, email) values (7, 'Tavu', '0124809908', 'wseebert6@gmail.com');
insert into Suppliers (id, name, phoneNo, email) values (8, 'Yakijo', '0173481224', 'dgouldie7@gmail.com');
insert into Suppliers (id, name, phoneNo, email) values (9, 'Zoomlounge', '0170412218', 'adearl8@gmail.com');
insert into Suppliers (id, name, phoneNo, email) values (10, 'Dynabox', '0184699629', 'fhaughin9@gmail.com');

-- Insert statements for Medications table (10)
insert into Medications (supplierId, name, description, stockQuantity, MSRP, price) values (1, 'Painkillers', 'Relieve different types of pain', 60, 100, 2.5);
insert into Medications (supplierId, name, description, stockQuantity, MSRP, price) values (2, 'Antibiotics', 'Treat some types of bacterial infection', 50, 375, 8.0);
insert into Medications (supplierId, name, description, stockQuantity, MSRP, price) values (3, 'Chemotherapeutics', 'Treat tumors and cancer', 72, 380, 8.1);
insert into Medications (supplierId, name, description, stockQuantity, MSRP, price) values (4, 'Antiparasitics', 'Prevent, repel or kill internal or external parasites', 82, 195, 4.4);
insert into Medications (supplierId, name, description, stockQuantity, MSRP, price) values (5, 'Anti-inflammatories', 'Reduce swelling, inflammation, pain and lameness', 77, 135, 3.2);
insert into Medications (supplierId, name, description, stockQuantity, MSRP, price) values (6, 'Corticosteroids', 'Reduce inflammation and suppress the immune system', 98, 195, 4.4);
insert into Medications (supplierId, name, description, stockQuantity, MSRP, price) values (7, 'Famotidine', 'Treat a variety of gastrointestinal conditions', 98, 280, 6.1);
insert into Medications (supplierId, name, description, stockQuantity, MSRP, price) values (8, 'Methocarbamol', 'Relieve the discomfort caused by acute, painful muscle or bone conditions', 91, 265, 5.8);
insert into Medications (supplierId, name, description, stockQuantity, MSRP, price) values (9, 'Fluconazole', 'Treat fungal infections, especially for infections in the brain or spinal cord', 91, 155, 3.6);
insert into Medications (supplierId, name, description, stockQuantity, MSRP, price) values (10, 'Steroid', 'Reduce allergic and anaphylactic reactions', 73, 115, 2.8);

-- Insert statements for MedicationInvoice table (100)
insert into MedicationInvoice (invoiceId, medicationId, quantity) values (1, 4, 7);
insert into MedicationInvoice (invoiceId, medicationId, quantity) values (2, 9, 5);
insert into MedicationInvoice (invoiceId, medicationId, quantity) values (3, 3, 7);
insert into MedicationInvoice (invoiceId, medicationId, quantity) values (4, 10, 14);
insert into MedicationInvoice (invoiceId, medicationId, quantity) values (5, 2, 12);
insert into MedicationInvoice (invoiceId, medicationId, quantity) values (6, 7, 7);
insert into MedicationInvoice (invoiceId, medicationId, quantity) values (7, 2, 14);
insert into MedicationInvoice (invoiceId, medicationId, quantity) values (8, 10, 5);
insert into MedicationInvoice (invoiceId, medicationId, quantity) values (9, 1, 5);
insert into MedicationInvoice (invoiceId, medicationId, quantity) values (10, 3, 10);
insert into MedicationInvoice (invoiceId, medicationId, quantity) values (11, 4, 5);
insert into MedicationInvoice (invoiceId, medicationId, quantity) values (12, 1, 8);
insert into MedicationInvoice (invoiceId, medicationId, quantity) values (13, 1, 7);
insert into MedicationInvoice (invoiceId, medicationId, quantity) values (14, 4, 12);
insert into MedicationInvoice (invoiceId, medicationId, quantity) values (15, 10, 5);
insert into MedicationInvoice (invoiceId, medicationId, quantity) values (16, 2, 5);
insert into MedicationInvoice (invoiceId, medicationId, quantity) values (17, 3, 5);
insert into MedicationInvoice (invoiceId, medicationId, quantity) values (18, 9, 10);
insert into MedicationInvoice (invoiceId, medicationId, quantity) values (19, 5, 10);
insert into MedicationInvoice (invoiceId, medicationId, quantity) values (20, 4, 12);
insert into MedicationInvoice (invoiceId, medicationId, quantity) values (21, 6, 10);
insert into MedicationInvoice (invoiceId, medicationId, quantity) values (22, 7, 5);
insert into MedicationInvoice (invoiceId, medicationId, quantity) values (23, 6, 10);
insert into MedicationInvoice (invoiceId, medicationId, quantity) values (24, 5, 5);
insert into MedicationInvoice (invoiceId, medicationId, quantity) values (25, 1, 10);
insert into MedicationInvoice (invoiceId, medicationId, quantity) values (26, 5, 14);
insert into MedicationInvoice (invoiceId, medicationId, quantity) values (27, 7, 5);
insert into MedicationInvoice (invoiceId, medicationId, quantity) values (28, 2, 6);
insert into MedicationInvoice (invoiceId, medicationId, quantity) values (29, 5, 12);
insert into MedicationInvoice (invoiceId, medicationId, quantity) values (30, 9, 14);
insert into MedicationInvoice (invoiceId, medicationId, quantity) values (31, 2, 7);
insert into MedicationInvoice (invoiceId, medicationId, quantity) values (32, 6, 7);
insert into MedicationInvoice (invoiceId, medicationId, quantity) values (33, 9, 5);
insert into MedicationInvoice (invoiceId, medicationId, quantity) values (34, 5, 14);
insert into MedicationInvoice (invoiceId, medicationId, quantity) values (35, 3, 10);
insert into MedicationInvoice (invoiceId, medicationId, quantity) values (36, 7, 8);
insert into MedicationInvoice (invoiceId, medicationId, quantity) values (37, 1, 10);
insert into MedicationInvoice (invoiceId, medicationId, quantity) values (38, 5, 6);
insert into MedicationInvoice (invoiceId, medicationId, quantity) values (39, 4, 10);
insert into MedicationInvoice (invoiceId, medicationId, quantity) values (40, 5, 5);
insert into MedicationInvoice (invoiceId, medicationId, quantity) values (41, 5, 10);
insert into MedicationInvoice (invoiceId, medicationId, quantity) values (42, 1, 14);
insert into MedicationInvoice (invoiceId, medicationId, quantity) values (43, 2, 8);
insert into MedicationInvoice (invoiceId, medicationId, quantity) values (44, 9, 14);
insert into MedicationInvoice (invoiceId, medicationId, quantity) values (45, 2, 14);
insert into MedicationInvoice (invoiceId, medicationId, quantity) values (46, 8, 8);
insert into MedicationInvoice (invoiceId, medicationId, quantity) values (47, 9, 6);
insert into MedicationInvoice (invoiceId, medicationId, quantity) values (48, 2, 10);
insert into MedicationInvoice (invoiceId, medicationId, quantity) values (49, 8, 7);
insert into MedicationInvoice (invoiceId, medicationId, quantity) values (50, 3, 6);
insert into MedicationInvoice (invoiceId, medicationId, quantity) values (51, 7, 7);
insert into MedicationInvoice (invoiceId, medicationId, quantity) values (52, 7, 8);
insert into MedicationInvoice (invoiceId, medicationId, quantity) values (53, 7, 10);
insert into MedicationInvoice (invoiceId, medicationId, quantity) values (54, 4, 6);
insert into MedicationInvoice (invoiceId, medicationId, quantity) values (55, 9, 5);
insert into MedicationInvoice (invoiceId, medicationId, quantity) values (56, 2, 12);
insert into MedicationInvoice (invoiceId, medicationId, quantity) values (57, 5, 7);
insert into MedicationInvoice (invoiceId, medicationId, quantity) values (58, 10, 12);
insert into MedicationInvoice (invoiceId, medicationId, quantity) values (59, 1, 10);
insert into MedicationInvoice (invoiceId, medicationId, quantity) values (60, 6, 5);
insert into MedicationInvoice (invoiceId, medicationId, quantity) values (61, 5, 6);
insert into MedicationInvoice (invoiceId, medicationId, quantity) values (62, 6, 8);
insert into MedicationInvoice (invoiceId, medicationId, quantity) values (63, 1, 7);
insert into MedicationInvoice (invoiceId, medicationId, quantity) values (64, 2, 5);
insert into MedicationInvoice (invoiceId, medicationId, quantity) values (65, 2, 7);
insert into MedicationInvoice (invoiceId, medicationId, quantity) values (66, 8, 10);
insert into MedicationInvoice (invoiceId, medicationId, quantity) values (67, 4, 5);
insert into MedicationInvoice (invoiceId, medicationId, quantity) values (68, 6, 14);
insert into MedicationInvoice (invoiceId, medicationId, quantity) values (69, 6, 12);
insert into MedicationInvoice (invoiceId, medicationId, quantity) values (70, 10, 12);
insert into MedicationInvoice (invoiceId, medicationId, quantity) values (55, 10, 10);
insert into MedicationInvoice (invoiceId, medicationId, quantity) values (56, 1, 7);
insert into MedicationInvoice (invoiceId, medicationId, quantity) values (24, 1, 12);
insert into MedicationInvoice (invoiceId, medicationId, quantity) values (42, 5, 7);
insert into MedicationInvoice (invoiceId, medicationId, quantity) values (15, 9, 5);
insert into MedicationInvoice (invoiceId, medicationId, quantity) values (24, 2, 6);
insert into MedicationInvoice (invoiceId, medicationId, quantity) values (26, 2, 10);
insert into MedicationInvoice (invoiceId, medicationId, quantity) values (45, 3, 8);
insert into MedicationInvoice (invoiceId, medicationId, quantity) values (12, 8, 12);
insert into MedicationInvoice (invoiceId, medicationId, quantity) values (37, 5, 8);
insert into MedicationInvoice (invoiceId, medicationId, quantity) values (67, 1, 12);
insert into MedicationInvoice (invoiceId, medicationId, quantity) values (47, 4, 7);
insert into MedicationInvoice (invoiceId, medicationId, quantity) values (19, 7, 14);
insert into MedicationInvoice (invoiceId, medicationId, quantity) values (3, 5, 14);
insert into MedicationInvoice (invoiceId, medicationId, quantity) values (45, 10, 7);
insert into MedicationInvoice (invoiceId, medicationId, quantity) values (64, 1, 8);
insert into MedicationInvoice (invoiceId, medicationId, quantity) values (57, 2, 7);
insert into MedicationInvoice (invoiceId, medicationId, quantity) values (48, 4, 6);
insert into MedicationInvoice (invoiceId, medicationId, quantity) values (2, 10, 7);
insert into MedicationInvoice (invoiceId, medicationId, quantity) values (26, 7, 10);
insert into MedicationInvoice (invoiceId, medicationId, quantity) values (39, 10, 14);
insert into MedicationInvoice (invoiceId, medicationId, quantity) values (53, 5, 7);
insert into MedicationInvoice (invoiceId, medicationId, quantity) values (8, 9, 8);
insert into MedicationInvoice (invoiceId, medicationId, quantity) values (56, 7, 12);
insert into MedicationInvoice (invoiceId, medicationId, quantity) values (18, 5, 12);
insert into MedicationInvoice (invoiceId, medicationId, quantity) values (34, 6, 8);
insert into MedicationInvoice (invoiceId, medicationId, quantity) values (41, 4, 5);
insert into MedicationInvoice (invoiceId, medicationId, quantity) values (55, 3, 5);
insert into MedicationInvoice (invoiceId, medicationId, quantity) values (4, 7, 7);
insert into MedicationInvoice (invoiceId, medicationId, quantity) values (59, 4, 8);